MODEL,MAKE,MODEL,VEHICLE CLASS,ENGINESIZE,CYLINDERS,TRANSMISSION,FUELTYPE,FUELCONSUMPTION_CITY,FUELCONSUMPTION_HWY,FUELCONSUMPTION_COMB,FUELCONSUMPTION_COMB_MPG,CO2_Emissions
2018,ACURA,ILX,COMPACT,2.4,4,AM8,Z,9.4,6.8,8.2,34,192
2018,ACURA,MDX SH-AWD,SUV - SMALL,3.5,6,AS9,Z,12.6,9,11,26,259
2018,ACURA,MDX SH-AWD ELITE,SUV - SMALL,3.5,6,AS9,Z,12.2,9,10.7,26,251
2018,ACURA,RDX AWD,SUV - SMALL,3.5,6,AS6,Z,12.4,8.7,10.7,26,250
2018,ACURA,RLX HYBRID,MID-SIZE,3.5,6,AM7,Z,8.4,8.2,8.4,34,196
2018,ACURA,TLX,COMPACT,2.4,4,AM8,Z,10,7.1,8.7,32,205
2018,ACURA,TLX A-SPEC,COMPACT,2.4,4,AM8,Z,10.2,7.4,8.9,32,209
2018,ACURA,TLX SH-AWD,COMPACT,3.5,6,AS9,Z,11.4,7.7,9.8,29,228
2018,ACURA,TLX SH-AWD A-SPEC,COMPACT,3.5,6,AS9,Z,12,8.2,10.3,27,240
2018,ALFA ROMEO,4C COUPE,TWO-SEATER,1.8,4,AM6,Z,9.7,6.9,8.4,34,197
2018,ALFA ROMEO,4C SPIDER,TWO-SEATER,1.8,4,AM6,Z,9.7,6.9,8.4,34,197
2018,ALFA ROMEO,GIULIA,MID-SIZE,2,4,A8,Z,10,7.2,8.7,32,205
2018,ALFA ROMEO,GIULIA AWD,MID-SIZE,2,4,A8,Z,10.5,7.7,9.2,31,217
2018,ALFA ROMEO,GIULIA QUADRIFOGLIO,MID-SIZE,2.9,6,A8,Z,13.8,9.6,11.9,24,280
2018,ALFA ROMEO,STELVIO AWD,SUV - SMALL,2,4,A8,Z,10.8,8.3,9.6,29,226
2018,ASTON MARTIN,DB11 V8,MINICOMPACT,4,8,A8,Z,13,9.8,11.5,25,271
2018,ASTON MARTIN,DB11 V12,MINICOMPACT,5.2,12,A8,Z,15.5,11.4,13.7,21,322
2018,ASTON MARTIN,RAPIDE S,SUBCOMPACT,6,12,A8,Z,16.7,10.9,14.1,20,332
2018,ASTON MARTIN,VANQUISH,MINICOMPACT,6,12,A8,Z,17.5,11.4,14.7,19,346
2018,AUDI,A3,SUBCOMPACT,2,4,AM7,X,9.1,6.8,8,35,188
2018,AUDI,A3 QUATTRO,SUBCOMPACT,2,4,AM6,X,9.7,7.5,8.7,32,205
2018,AUDI,A3 CABRIOLET QUATTRO,SUBCOMPACT,2,4,AM6,X,10.8,8,9.5,30,223
2018,AUDI,A4,COMPACT,2,4,AM7,Z,8.6,6.4,7.6,37,177
2018,AUDI,A4 QUATTRO,COMPACT,2,4,AM7,Z,10,7,8.7,32,203
2018,AUDI,A4 QUATTRO,COMPACT,2,4,M6,Z,9.9,7.1,8.7,32,204
2018,AUDI,A4 ALLROAD QUATTRO,STATION WAGON - SMALL,2,4,AM7,Z,10.5,7.9,9.3,30,217
2018,AUDI,A5 QUATTRO,SUBCOMPACT,2,4,AM7,Z,10,7,8.7,32,203
2018,AUDI,A5 QUATTRO,SUBCOMPACT,2,4,M6,Z,9.9,7.1,8.7,32,204
2018,AUDI,A5 CABRIOLET QUATTRO,SUBCOMPACT,2,4,AM7,Z,10,7,8.7,32,203
2018,AUDI,A5 SPORTBACK QUATTRO,MID-SIZE,2,4,AM7,Z,10,7,8.7,32,203
2018,AUDI,A6 QUATTRO,MID-SIZE,2,4,AS8,Z,10.6,7.5,9.2,31,216
2018,AUDI,A6 QUATTRO,MID-SIZE,3,6,AS8,Z,11.5,8.2,10,28,235
2018,AUDI,A7 QUATTRO,MID-SIZE,3,6,AS8,Z,11.5,8.2,10,28,235
2018,AUDI,A8,FULL-SIZE,3,6,AS8,Z,12.6,8,10.5,27,247
2018,AUDI,A8,FULL-SIZE,4,8,AS8,Z,15.1,9.1,12.4,23,290
2018,AUDI,A8L,FULL-SIZE,4,8,AS8,Z,15.1,9.1,12.4,23,290
2018,AUDI,Q3,COMPACT,2,4,AS6,Z,11.6,8.3,10.1,28,236
2018,AUDI,Q3 QUATTRO,COMPACT,2,4,AS6,Z,11.9,8.4,10.3,27,240
2018,AUDI,Q5,SUV - SMALL,2,4,AS7,Z,10.4,8.6,9.6,29,226
2018,AUDI,Q7,SUV - STANDARD,2,4,AS8,Z,12.2,9.5,11,26,258
2018,AUDI,Q7,SUV - STANDARD,3,6,AS8,Z,12.6,9.4,11.1,25,260
2018,AUDI,R8,TWO-SEATER,5.2,10,AM7,Z,16,9.5,13.1,22,304
2018,AUDI,R8 QUATTRO,TWO-SEATER,5.2,10,AM7,Z,17.1,11.3,14.5,19,338
2018,AUDI,R8 SPYDER,TWO-SEATER,5.2,10,AM7,Z,17.1,11.3,14.5,19,338
2018,AUDI,RS 3,SUBCOMPACT,2.5,5,AM7,Z,12.4,8.3,10.5,27,248
2018,AUDI,RS 5,SUBCOMPACT,2.9,6,AM8,Z,12.9,8.9,11.1,25,260
2018,AUDI,RS 7,MID-SIZE,4,8,AS8,Z,17,9.6,13.7,21,318
2018,AUDI,S3,SUBCOMPACT,2,4,AM7,Z,10.6,8.3,9.6,29,223
2018,AUDI,S4,COMPACT,3,6,AM8,Z,11.5,8,9.9,29,232
2018,AUDI,S5,SUBCOMPACT,3,6,AM8,Z,11.5,8,9.9,29,232
2018,AUDI,S5 CABRIOLET,SUBCOMPACT,3,6,AM8,Z,11.9,8.1,10.2,28,239
2018,AUDI,S5 SPORTBACK,MID-SIZE,3,6,AM8,Z,11.5,8,9.9,29,232
2018,AUDI,S6,MID-SIZE,4,8,AM7,Z,15,10,12.8,22,298
2018,AUDI,S7,MID-SIZE,4,8,AM7,Z,15,10,12.8,22,298
2018,AUDI,S8,MID-SIZE,4,8,AS8,Z,16.2,9.9,13.4,21,313
2018,AUDI,SQ5,SUV - SMALL,3,6,AM8,Z,12.7,10,11.5,25,270
2018,AUDI,TT COUPE QUATTRO,SUBCOMPACT,2,4,AM6,X,10.1,7.8,9.1,31,209
2018,AUDI,TT ROADSTER QUATTRO,TWO-SEATER,2,4,AM6,X,10.1,7.8,9.1,31,209
2018,AUDI,TT RS,SUBCOMPACT,2.5,5,AM7,Z,12.3,8.2,10.5,27,245
2018,AUDI,TTS COUPE,SUBCOMPACT,2,4,AM6,Z,10.3,8.6,9.5,30,222
2018,BENTLEY,BENTAYGA,SUV - STANDARD,6,12,AS8,Z,18.8,12.2,15.9,18,370
2018,BENTLEY,CONTINENTAL GT CONVERTIBLE,COMPACT,6,12,AS8,Z,20.4,12,16.6,17,389
2018,BENTLEY,CONTINENTAL SUPERSPORTS,COMPACT,6,12,AS8,Z,20.4,12,16.6,17,389
2018,BENTLEY,FLYING SPUR,MID-SIZE,4,8,AS8,Z,18.8,10.7,15.1,19,353
2018,BENTLEY,FLYING SPUR,MID-SIZE,6,12,AS8,Z,20.4,12,16.6,17,389
2018,BENTLEY,MULSANNE,MID-SIZE,6.8,8,AS8,Z,20.9,13,17.3,16,405
2018,BMW,230i COUPE,SUBCOMPACT,2,4,AS8,Z,9.8,6.8,8.4,34,197
2018,BMW,230i COUPE,SUBCOMPACT,2,4,M6,Z,11.1,7.3,9.4,30,219
2018,BMW,230i xDRIVE CABRIOLET,SUBCOMPACT,2,4,AS8,Z,10.2,7.2,8.9,32,208
2018,BMW,230i xDRIVE COUPE,SUBCOMPACT,2,4,AS8,Z,9.9,7.1,8.6,33,202
2018,BMW,328d xDRIVE,COMPACT,2,4,AS8,D,7.8,5.9,7,40,184
2018,BMW,328d xDRIVE TOURING,STATION WAGON - SMALL,2,4,AS8,D,7.8,5.9,7,40,184
2018,BMW,330i xDRIVE,COMPACT,2,4,AS8,Z,10.2,7.2,8.9,32,208
2018,BMW,330i xDRIVE GRAN TURISMO,FULL-SIZE,2,4,AS8,Z,10.2,7.2,8.9,32,208
2018,BMW,330i xDRIVE TOURING,STATION WAGON - SMALL,2,4,AS8,Z,10.2,7.2,8.9,32,208
2018,BMW,340i,COMPACT,3,6,AS8,Z,9.2,6.2,7.8,36,183
2018,BMW,340i,COMPACT,3,6,M6,Z,12.1,8.1,10.3,27,240
2018,BMW,340i xDRIVE,COMPACT,3,6,AS8,Z,11.1,7.5,9.5,30,223
2018,BMW,340i xDRIVE,COMPACT,3,6,M6,Z,12.2,8.4,10.5,27,245
2018,BMW,340i xDRIVE GRAN TURISMO,FULL-SIZE,3,6,AS8,Z,11.8,7.9,10,28,235
2018,BMW,430i xDRIVE CABRIOLET,SUBCOMPACT,2,4,AS8,Z,10.7,7.3,9.1,31,214
2018,BMW,430i xDRIVE COUPE,COMPACT,2,4,AS8,Z,10.2,7.2,8.9,32,208
2018,BMW,430i xDRIVE GRAN COUPE,COMPACT,2,4,AS8,Z,10.2,7.2,8.9,32,208
2018,BMW,440i COUPE,COMPACT,3,6,AS8,Z,9.2,6.2,7.8,36,183
2018,BMW,440i COUPE,COMPACT,3,6,M6,Z,12.1,8.1,10.3,27,240
2018,BMW,440i xDRIVE CABRIOLET,SUBCOMPACT,3,6,AS8,Z,11.8,7.9,10,28,235
2018,BMW,440i xDRIVE COUPE,COMPACT,3,6,AS8,Z,11.1,7.5,9.5,30,223
2018,BMW,440i xDRIVE COUPE,COMPACT,3,6,M6,Z,12.2,8.4,10.5,27,245
2018,BMW,440i xDRIVE GRAN COUPE,COMPACT,3,6,AS8,Z,11.1,7.5,9.5,30,223
2018,BMW,530i xDRIVE,MID-SIZE,2,4,AS8,Z,10.2,7.2,8.9,32,208
2018,BMW,540i xDRIVE,MID-SIZE,3,6,AS8,Z,11.6,8.1,10,28,236
2018,BMW,640i xDRIVE CABRIOLET,SUBCOMPACT,3,6,AS8,Z,12.3,8.4,10.5,27,248
2018,BMW,640i xDRIVE GRAN COUPE,COMPACT,3,6,AS8,Z,12.3,8.4,10.5,27,248
2018,BMW,640i xDRIVE GRAN TURISMO,FULL-SIZE,3,6,AS8,Z,11.9,8.4,10.3,27,241
2018,BMW,650i xDRIVE CABRIOLET,SUBCOMPACT,4.4,8,AS8,Z,14.7,9.6,12.4,23,292
2018,BMW,650i xDRIVE COUPE,SUBCOMPACT,4.4,8,AS8,Z,14,10,12.2,23,286
2018,BMW,650i xDRIVE GRAN COUPE,COMPACT,4.4,8,AS8,Z,14.7,9.6,12.4,23,292
2018,BMW,750i xDRIVE,FULL-SIZE,4.4,8,AS8,Z,14.7,9.6,12.4,23,292
2018,BMW,750i xDRIVE SWB,FULL-SIZE,4.4,8,AS8,Z,14.3,9.4,12.1,23,283
2018,BMW,ALPINA B6 xDRIVE GRAN COUPE,COMPACT,4.4,8,AS8,Z,14.7,9.6,12.4,23,292
2018,BMW,M2,SUBCOMPACT,3,6,AM7,Z,11.8,8.9,10.5,27,245
2018,BMW,M2,SUBCOMPACT,3,6,M6,Z,13.1,9.2,11.4,25,267
2018,BMW,M240i CABRIOLET,SUBCOMPACT,3,6,AS8,Z,10.9,7.7,9.5,30,222
2018,BMW,M240i CABRIOLET,SUBCOMPACT,3,6,M6,Z,12.7,8.7,10.9,26,255
2018,BMW,M240i COUPE,SUBCOMPACT,3,6,AS8,Z,10.9,7.7,9.5,30,222
2018,BMW,M240i COUPE,SUBCOMPACT,3,6,M6,Z,12.5,8.4,10.7,26,249
2018,BMW,M240i xDRIVE CABRIOLET,SUBCOMPACT,3,6,AS8,Z,11.2,7.8,9.7,29,227
2018,BMW,M240i xDRIVE COUPE,SUBCOMPACT,3,6,AS8,Z,11.2,7.8,9.7,29,227
2018,BMW,M3,COMPACT,3,6,AM7,Z,13.5,9.9,11.9,24,280
2018,BMW,M3,COMPACT,3,6,M6,Z,13.5,9.3,11.6,24,273
2018,BMW,M4 CABRIOLET,SUBCOMPACT,3,6,AM7,Z,14.5,10.5,12.7,22,299
2018,BMW,M4 CABRIOLET,SUBCOMPACT,3,6,M6,Z,13.8,9.4,11.9,24,280
2018,BMW,M4 COUPE,COMPACT,3,6,AM7,Z,13.5,9.9,11.9,24,280
2018,BMW,M4 COUPE,COMPACT,3,6,M6,Z,13.5,9.3,11.6,24,273
2018,BMW,M550i xDRIVE,MID-SIZE,4.4,8,AS8,Z,14.3,9.4,12.1,23,283
2018,BMW,M6 CABRIOLET,SUBCOMPACT,4.4,8,AM7,Z,17.3,11.6,14.7,19,344
2018,BMW,M6 CABRIOLET,SUBCOMPACT,4.4,8,M6,Z,16.2,10.9,13.8,20,324
2018,BMW,M6 COUPE,SUBCOMPACT,4.4,8,AM7,Z,17.3,11.6,14.7,19,344
2018,BMW,M6 COUPE,SUBCOMPACT,4.4,8,M6,Z,16.2,10.9,13.8,20,324
2018,BMW,M6 GRAN COUPE,COMPACT,4.4,8,AM7,Z,17.3,11.6,14.7,19,344
2018,BMW,M6 GRAN COUPE,COMPACT,4.4,8,M6,Z,16.2,10.9,13.8,20,324
2018,BMW,M760i xDRIVE,FULL-SIZE,6.6,12,AS8,Z,17.7,11.9,15.1,19,355
2018,BMW,X1 xDRIVE28i,SUV - SMALL,2,4,AS8,Z,10.7,7.5,9.3,30,217
2018,BMW,X2 xDRIVE28i,SUV - SMALL,2,4,AS8,Z,11,7.7,9.5,30,222
2018,BMW,X3 xDRIVE30i,SUV - SMALL,2,4,AS8,Z,10.8,8,9.5,30,223
2018,BMW,X3 M40i,SUV - SMALL,3,6,AS8,Z,11.7,8.6,10.3,27,241
2018,BMW,X4 xDRIVE28i,SUV - SMALL,2,4,AS8,Z,11.8,8.6,10.3,27,240
2018,BMW,X4 M40i,SUV - SMALL,3,6,AS8,Z,12.9,9.5,11.4,25,266
2018,BMW,X5 xDRIVE35d,SUV - STANDARD,3,6,AS8,D,10.3,8,9.3,30,246
2018,BMW,X5 xDRIVE35i,SUV - STANDARD,3,6,AS8,Z,13,9.8,11.5,25,270
2018,BMW,X5 xDRIVE50i,SUV - STANDARD,4.4,8,AS8,Z,15.4,11.2,13.5,21,317
2018,BMW,X5 M,SUV - STANDARD,4.4,8,AS8,Z,16.6,12.1,14.6,19,341
2018,BMW,X6 xDRIVE35i,SUV - STANDARD,3,6,AS8,Z,13,9.8,11.5,25,270
2018,BMW,X6 xDRIVE50i,SUV - STANDARD,4.4,8,AS8,Z,15.4,11.2,13.5,21,317
2018,BMW,X6 M,SUV - STANDARD,4.4,8,AS8,Z,16.6,12.1,14.6,19,341
2018,BUGATTI,CHIRON,TWO-SEATER,8,16,AM7,Z,26.8,16.6,22.2,13,522
2018,BUICK,ENCLAVE,SUV - STANDARD,3.6,6,AS9,X,12.9,9,11.2,25,263
2018,BUICK,ENCLAVE AWD,SUV - STANDARD,3.6,6,AS9,X,13.8,9.4,11.8,24,277
2018,BUICK,ENCORE,SUV - SMALL,1.4,4,AS6,X,9.3,7.2,8.3,34,194
2018,BUICK,ENCORE (SIDI with Stop/Start),SUV - SMALL,1.4,4,AS6,X,8.6,7.1,7.9,36,185
2018,BUICK,ENCORE AWD,SUV - SMALL,1.4,4,AS6,X,9.9,7.8,8.9,32,210
2018,BUICK,ENCORE AWD (SIDI with Stop/Start),SUV - SMALL,1.4,4,AS6,X,9,7.6,8.3,34,196
2018,BUICK,ENVISION AWD,SUV - SMALL,2,4,A6,Z,11.8,9.1,10.6,27,248
2018,BUICK,ENVISION AWD,SUV - SMALL,2.5,4,A6,X,11.1,8.6,10,28,234
2018,BUICK,LACROSSE,MID-SIZE,3.6,6,AS9,X,11.3,7.9,9.7,29,228
2018,BUICK,LACROSSE eASSIST,MID-SIZE,2.5,4,A6,X,9.3,6.7,8.1,35,190
2018,BUICK,LACROSSE AWD,MID-SIZE,3.6,6,AS9,X,11.8,8,10.1,28,237
2018,BUICK,REGAL,FULL-SIZE,2,4,AS9,Z,10.7,7.4,9.2,31,217
2018,BUICK,REGAL AWD,FULL-SIZE,2,4,AS8,Z,11,8,9.6,29,227
2018,BUICK,REGAL AWD,FULL-SIZE,3.6,6,AS9,X,12.4,8.7,10.7,26,250
2018,CADILLAC,ATS,COMPACT,2,4,AS8,Z,10.5,7.7,9.2,31,216
2018,CADILLAC,ATS,COMPACT,2,4,M6,Z,12,8.2,10.3,27,240
2018,CADILLAC,ATS,COMPACT,3.6,6,AS8,X,11.6,8,10,28,234
2018,CADILLAC,ATS AWD,COMPACT,2,4,AS8,Z,10.8,7.9,9.5,30,222
2018,CADILLAC,ATS AWD,COMPACT,3.6,6,AS8,X,12.1,8.6,10.5,27,247
2018,CADILLAC,ATS-V,COMPACT,3.6,6,AS8,Z,13.9,9.4,11.9,24,291
2018,CADILLAC,ATS-V,COMPACT,3.6,6,M6,Z,14.4,10.4,12.6,22,295
2018,CADILLAC,CT6,FULL-SIZE,2,4,AS8,Z,11,7.8,9.5,30,224
2018,CADILLAC,CT6 AWD,FULL-SIZE,3,6,AS8,Z,13,9.1,11.2,25,263
2018,CADILLAC,CT6 AWD,FULL-SIZE,3.6,6,AS8,X,13,8.9,11.1,25,261
2018,CADILLAC,CTS,MID-SIZE,2,4,AS8,Z,11,7.8,9.5,30,224
2018,CADILLAC,CTS,MID-SIZE,3.6,6,AS8,X,11.6,8,10,28,234
2018,CADILLAC,CTS AWD,MID-SIZE,2,4,AS8,Z,11.2,8.2,9.8,29,229
2018,CADILLAC,CTS AWD,MID-SIZE,3.6,6,AS8,X,12.1,8.6,10.5,27,247
2018,CADILLAC,CTS Vsport,MID-SIZE,3.6,6,AS8,Z,15,9.9,12.7,22,311
2018,CADILLAC,CTS-V,MID-SIZE,6.2,8,AS8,Z,16.5,11.1,14,20,329
2018,CADILLAC,ESCALADE 4WD,SUV - STANDARD,6.2,8,A10,Z,16.6,10.9,14,20,329
2018,CADILLAC,XT5,SUV - SMALL,3.6,6,AS8,X,12.1,8.9,10.6,27,250
2018,CADILLAC,XT5 AWD,SUV - SMALL,3.6,6,AS8,X,12.8,9.3,11.2,25,263
2018,CADILLAC,XTS,FULL-SIZE,3.6,6,AS6,X,13.2,8.5,11.1,25,260
2018,CADILLAC,XTS AWD,FULL-SIZE,3.6,6,AS6,X,13.7,9,11.6,24,272
2018,CADILLAC,XTS Vsport AWD,FULL-SIZE,3.6,6,AS6,Z,15,10.2,12.8,22,302
2018,CHEVROLET,CAMARO,SUBCOMPACT,2,4,AS8,Z,10.8,7.6,9.4,30,220
2018,CHEVROLET,CAMARO,SUBCOMPACT,2,4,M6,Z,11.9,7.9,10.1,28,235
2018,CHEVROLET,CAMARO,SUBCOMPACT,3.6,6,AS8,X,12.3,8.2,10.4,27,246
2018,CHEVROLET,CAMARO,SUBCOMPACT,3.6,6,M6,X,14.4,8.4,11.7,24,274
2018,CHEVROLET,CAMARO SS,SUBCOMPACT,6.2,8,AS8,Z,14.2,8.7,11.7,24,273
2018,CHEVROLET,CAMARO SS,SUBCOMPACT,6.2,8,M6,Z,14.3,9.4,12.1,23,284
2018,CHEVROLET,CAMARO ZL1,SUBCOMPACT,6.2,8,AS10,Z,18.8,11.3,15.4,18,361
2018,CHEVROLET,CAMARO ZL1,SUBCOMPACT,6.2,8,M6,Z,17.1,12,14.8,19,348
2018,CHEVROLET,CITY EXPRESS,SPECIAL PURPOSE VEHICLE,2,4,AV,X,9.8,8.8,9.3,30,218
2018,CHEVROLET,COLORADO,PICKUP TRUCK - SMALL,2.5,4,A6,X,12.1,9.2,10.8,26,253
2018,CHEVROLET,COLORADO,PICKUP TRUCK - SMALL,2.5,4,M6,X,11.9,9.2,10.7,26,251
2018,CHEVROLET,COLORADO,PICKUP TRUCK - SMALL,2.8,4,A6,D,10.8,8,9.6,29,257
2018,CHEVROLET,COLORADO,PICKUP TRUCK - SMALL,3.6,6,A8,X,13.4,9.6,11.7,24,274
2018,CHEVROLET,COLORADO 4WD,PICKUP TRUCK - SMALL,2.5,4,A6,X,12.6,9.8,11.3,25,266
2018,CHEVROLET,COLORADO 4WD,PICKUP TRUCK - SMALL,2.8,4,A6,D,12.1,8.3,10.4,27,279
2018,CHEVROLET,COLORADO 4WD,PICKUP TRUCK - SMALL,3.6,6,A8,X,14.1,10,12.2,23,288
2018,CHEVROLET,COLORADO ZR2 4WD,PICKUP TRUCK - SMALL,2.8,4,A6,D,12.5,10.7,11.7,24,315
2018,CHEVROLET,COLORADO ZR2 4WD,PICKUP TRUCK - SMALL,3.6,6,A8,X,15,13,14.1,20,331
2018,CHEVROLET,CORVETTE,TWO-SEATER,6.2,8,AS8,Z,15.5,9.2,12.7,22,297
2018,CHEVROLET,CORVETTE,TWO-SEATER,6.2,8,M7,Z,14.2,9,11.9,24,278
2018,CHEVROLET,CORVETTE Z06,TWO-SEATER,6.2,8,AS8,Z,17.6,10.3,14.3,20,336
2018,CHEVROLET,CORVETTE Z06,TWO-SEATER,6.2,8,M7,Z,15.6,10.6,13.4,21,312
2018,CHEVROLET,CRUZE,COMPACT,1.4,4,AS6,X,8,5.9,7.1,40,166
2018,CHEVROLET,CRUZE,COMPACT,1.4,4,M6,X,8.6,5.8,7.4,38,172
2018,CHEVROLET,CRUZE PREMIER,COMPACT,1.4,4,AS6,X,8.1,6,7.2,39,169
2018,CHEVROLET,CRUZE DIESEL,COMPACT,1.6,4,A9,D,7.7,5,6.5,43,175
2018,CHEVROLET,CRUZE DIESEL,COMPACT,1.6,4,M6,D,7.8,4.6,6.3,45,170
2018,CHEVROLET,CRUZE HATCHBACK,MID-SIZE,1.4,4,AS6,X,8.1,6.2,7.3,39,172
2018,CHEVROLET,CRUZE HATCHBACK,MID-SIZE,1.4,4,M6,X,8.6,6.2,7.5,38,175
2018,CHEVROLET,CRUZE PREMIER HATCHBACK,MID-SIZE,1.4,4,AS6,X,8.4,6.4,7.5,38,176
2018,CHEVROLET,CRUZE HATCHBACK DIESEL,MID-SIZE,1.6,4,A9,D,7.8,5.2,6.6,43,178
2018,CHEVROLET,CRUZE HATCHBACK DIESEL,MID-SIZE,1.6,4,M6,D,8.1,4.9,6.7,42,180
2018,CHEVROLET,EQUINOX,SUV - SMALL,1.5,4,A6,X,9.2,7.3,8.3,34,195
2018,CHEVROLET,EQUINOX,SUV - SMALL,1.6,4,A6,D,8.5,6,7.4,38,198
2018,CHEVROLET,EQUINOX AWD,SUV - SMALL,1.5,4,A6,X,9.8,7.9,8.9,32,209
2018,CHEVROLET,EQUINOX AWD,SUV - SMALL,1.6,4,A6,D,8.5,6.1,7.4,38,198
2018,CHEVROLET,EQUINOX AWD,SUV - SMALL,2,4,A9,Z,10.9,8.3,9.7,29,228
2018,CHEVROLET,IMPALA,FULL-SIZE,2.5,4,AS6,X,10.9,7.9,9.5,30,224
2018,CHEVROLET,IMPALA FFV,FULL-SIZE,3.6,6,AS6,X,12.7,8.5,10.8,26,254
2018,CHEVROLET,IMPALA FFV,FULL-SIZE,3.6,6,AS6,E,17.2,11.6,14.6,19,245
2018,CHEVROLET,MALIBU,MID-SIZE,1.5,4,A6,X,8.8,6.5,7.8,36,181
2018,CHEVROLET,MALIBU,MID-SIZE,2,4,A9,Z,10.5,7.4,9.1,31,213
2018,CHEVROLET,MALIBU HYBRID,MID-SIZE,1.8,4,AV,X,4.8,5.5,5.1,55,121
2018,CHEVROLET,SILVERADO FFV,PICKUP TRUCK - STANDARD,4.3,6,A6,X,13.4,10,11.8,24,278
2018,CHEVROLET,SILVERADO FFV,PICKUP TRUCK - STANDARD,4.3,6,A6,E,19.3,14.4,17.1,17,284
2018,CHEVROLET,SILVERADO,PICKUP TRUCK - STANDARD,5.3,8,A6,X,14.6,10.3,12.7,22,298
2018,CHEVROLET,SILVERADO FFV,PICKUP TRUCK - STANDARD,5.3,8,A6,X,14.6,10.3,12.7,22,298
2018,CHEVROLET,SILVERADO FFV,PICKUP TRUCK - STANDARD,5.3,8,A6,E,19.7,13.9,17.1,17,283
2018,CHEVROLET,SILVERADO,PICKUP TRUCK - STANDARD,5.3,8,A8,X,14.9,10.9,13.1,22,307
2018,CHEVROLET,SILVERADO,PICKUP TRUCK - STANDARD,6.2,8,A8,Z,15.9,11.2,13.8,20,324
2018,CHEVROLET,SILVERADO eASSIST,PICKUP TRUCK - STANDARD,5.3,8,A8,X,13.4,10,11.8,24,278
2018,CHEVROLET,SILVERADO 4WD FFV,PICKUP TRUCK - STANDARD,4.3,6,A6,X,14.1,10.6,12.5,23,294
2018,CHEVROLET,SILVERADO 4WD FFV,PICKUP TRUCK - STANDARD,4.3,6,A6,E,20.2,15.2,18,16,296
2018,CHEVROLET,SILVERADO 4WD,PICKUP TRUCK - STANDARD,5.3,8,A6,X,15,10.7,13.1,22,307
2018,CHEVROLET,SILVERADO 4WD FFV,PICKUP TRUCK - STANDARD,5.3,8,A6,X,15,10.7,13.1,22,307
2018,CHEVROLET,SILVERADO 4WD FFV,PICKUP TRUCK - STANDARD,5.3,8,A6,E,21,15,18.3,15,309
2018,CHEVROLET,SILVERADO 4WD,PICKUP TRUCK - STANDARD,5.3,8,A8,X,15.6,11.6,13.8,20,324
2018,CHEVROLET,SILVERADO 4WD,PICKUP TRUCK - STANDARD,6.2,8,A8,Z,16,11.7,14.1,20,331
2018,CHEVROLET,SILVERADO eASSIST 4WD,PICKUP TRUCK - STANDARD,5.3,8,A8,X,14.4,11.2,13,22,304
2018,CHEVROLET,SONIC,COMPACT,1.4,4,AS6,X,8.8,6.6,7.8,36,184
2018,CHEVROLET,SONIC,COMPACT,1.4,4,M6,X,8.4,6.3,7.4,38,174
2018,CHEVROLET,SONIC,COMPACT,1.8,4,AS6,X,9.3,7,8.3,34,193
2018,CHEVROLET,SONIC,COMPACT,1.8,4,M5,X,9.2,6.8,8.1,35,190
2018,CHEVROLET,SONIC 5,STATION WAGON - SMALL,1.4,4,AS6,X,8.8,6.6,7.8,36,184
2018,CHEVROLET,SONIC 5,STATION WAGON - SMALL,1.4,4,M6,X,8.4,6.3,7.4,38,174
2018,CHEVROLET,SONIC 5,STATION WAGON - SMALL,1.8,4,AS6,X,9.3,7,8.3,34,193
2018,CHEVROLET,SONIC 5,STATION WAGON - SMALL,1.8,4,M5,X,9.2,6.8,8.1,35,190
2018,CHEVROLET,SPARK,SUBCOMPACT,1.4,4,AV,X,7.8,6.2,7.1,40,167
2018,CHEVROLET,SPARK,SUBCOMPACT,1.4,4,M5,X,8,6,7.1,40,166
2018,CHEVROLET,SUBURBAN,SUV - STANDARD,5.3,8,A6,X,15.1,10.4,13,22,305
2018,CHEVROLET,SUBURBAN FFV,SUV - STANDARD,5.3,8,A6,X,15.1,10.4,13,22,305
2018,CHEVROLET,SUBURBAN FFV,SUV - STANDARD,5.3,8,A6,E,19.8,13.9,17.2,16,285
2018,CHEVROLET,SUBURBAN 4WD,SUV - STANDARD,5.3,8,A6,X,15.3,10.9,13.3,21,313
2018,CHEVROLET,SUBURBAN 4WD FFV,SUV - STANDARD,5.3,8,A6,X,15.3,10.9,13.3,21,312
2018,CHEVROLET,SUBURBAN 4WD FFV,SUV - STANDARD,5.3,8,A6,E,22.3,15.7,19.3,15,321
2018,CHEVROLET,TAHOE,SUV - STANDARD,5.3,8,A6,X,15.1,10.4,13,22,305
2018,CHEVROLET,TAHOE FFV,SUV - STANDARD,5.3,8,A6,X,15.1,10.4,13,22,305
2018,CHEVROLET,TAHOE FFV,SUV - STANDARD,5.3,8,A6,E,19.8,13.9,17.2,16,285
2018,CHEVROLET,TAHOE 4WD,SUV - STANDARD,5.3,8,A6,X,15.2,10.8,13.2,21,310
2018,CHEVROLET,TAHOE 4WD FFV,SUV - STANDARD,5.3,8,A6,X,15.2,10.8,13.2,21,310
2018,CHEVROLET,TAHOE 4WD FFV,SUV - STANDARD,5.3,8,A6,E,20.8,14.5,18,16,299
2018,CHEVROLET,TAHOE 4WD,SUV - STANDARD,6.2,8,A10,Z,16.4,10.7,13.8,20,325
2018,CHEVROLET,TRAVERSE,SUV - STANDARD,2,4,A9,Z,11.7,9,10.5,27,246
2018,CHEVROLET,TRAVERSE,SUV - STANDARD,3.6,6,AS9,X,12.9,8.7,11,26,258
2018,CHEVROLET,TRAVERSE AWD,SUV - STANDARD,3.6,6,AS9,X,13.7,9.4,11.8,24,276
2018,CHEVROLET,TRAX,SUV - SMALL,1.4,4,AS6,X,9.3,7.2,8.3,34,194
2018,CHEVROLET,TRAX,SUV - SMALL,1.4,4,M6,X,9.2,7.1,8.2,34,194
2018,CHEVROLET,TRAX 4WD,SUV - SMALL,1.4,4,AS6,X,9.9,7.8,8.9,32,210
2018,CHRYSLER,300,FULL-SIZE,3.6,6,A8,X,12.4,7.8,10.3,27,242
2018,CHRYSLER,300 FFV,FULL-SIZE,3.6,6,A8,X,12.4,7.8,10.3,27,242
2018,CHRYSLER,300 FFV,FULL-SIZE,3.6,6,A8,E,17.1,10.6,14.2,20,234
2018,CHRYSLER,300,FULL-SIZE,5.7,8,A8,X,14.7,9.4,12.3,23,289
2018,CHRYSLER,300 AWD,FULL-SIZE,3.6,6,A8,X,12.8,8.7,11,26,258
2018,CHRYSLER,300 AWD FFV,FULL-SIZE,3.6,6,A8,X,12.8,8.7,11,26,258
2018,CHRYSLER,300 AWD FFV,FULL-SIZE,3.6,6,A8,E,17.6,12,15,19,248
2018,CHRYSLER,PACIFICA,MINIVAN,3.6,6,A9,X,12.9,8.4,10.9,26,259
2018,CHRYSLER,PACIFICA (Stop-Start),MINIVAN,3.6,6,A9,X,12.4,8.4,10.6,27,249
2018,DODGE,CHALLENGER,MID-SIZE,3.6,6,A8,X,12.4,7.8,10.3,27,242
2018,DODGE,CHALLENGER,MID-SIZE,5.7,8,M6,Z,15.6,10.1,13.1,22,307
2018,DODGE,CHALLENGER,MID-SIZE,6.4,8,M6,Z,16.7,10.4,13.9,20,325
2018,DODGE,CHALLENGER (MDS),MID-SIZE,5.7,8,A8,X,14.7,9.4,12.3,23,289
2018,DODGE,CHALLENGER (MDS),MID-SIZE,6.4,8,A8,Z,15.6,9.6,12.9,22,302
2018,DODGE,CHALLENGER GT AWD,MID-SIZE,3.6,6,A8,X,12.8,8.7,11,26,258
2018,DODGE,CHALLENGER GT AWD FFV,MID-SIZE,3.6,6,A8,X,12.8,8.7,11,26,258
2018,DODGE,CHALLENGER GT AWD FFV,MID-SIZE,3.6,6,A8,E,17.6,12,15,19,248
2018,DODGE,CHALLENGER SRT,MID-SIZE,6.4,8,M6,Z,16.7,10.4,13.9,20,325
2018,DODGE,CHALLENGER SRT (MDS),MID-SIZE,6.4,8,A8,Z,15.6,9.6,12.9,22,302
2018,DODGE,CHALLENGER SRT DEMON,MID-SIZE,6.2,8,A8,Z,17.6,10.7,14.5,19,339
2018,DODGE,CHALLENGER SRT HELLCAT,MID-SIZE,6.2,8,A8,Z,17.6,10.7,14.5,19,339
2018,DODGE,CHALLENGER SRT HELLCAT,MID-SIZE,6.2,8,M6,Z,18.1,11.4,15.1,19,352
2018,DODGE,CHARGER,FULL-SIZE,3.6,6,A5,X,13.7,9,11.6,24,271
2018,DODGE,CHARGER FFV,FULL-SIZE,3.6,6,A5,X,13.7,9,11.6,24,271
2018,DODGE,CHARGER FFV,FULL-SIZE,3.6,6,A5,E,18.9,12.7,16.1,18,268
2018,DODGE,CHARGER,FULL-SIZE,3.6,6,A8,X,12.4,7.8,10.3,27,242
2018,DODGE,CHARGER FFV,FULL-SIZE,3.6,6,A8,X,12.4,7.8,10.3,27,242
2018,DODGE,CHARGER FFV,FULL-SIZE,3.6,6,A8,E,17.1,10.6,14.2,20,234
2018,DODGE,CHARGER (MDS),FULL-SIZE,5.7,8,A5,X,15.6,9.7,12.9,22,302
2018,DODGE,CHARGER (MDS),FULL-SIZE,5.7,8,A8,X,14.7,9.4,12.3,23,289
2018,DODGE,CHARGER (MDS),FULL-SIZE,6.4,8,A8,Z,15.6,9.6,12.9,22,302
2018,DODGE,CHARGER AWD,FULL-SIZE,3.6,6,A8,X,12.8,8.7,11,26,258
2018,DODGE,CHARGER AWD FFV,FULL-SIZE,3.6,6,A8,X,12.8,8.7,11,26,258
2018,DODGE,CHARGER AWD FFV,FULL-SIZE,3.6,6,A8,E,17.6,12,15,19,248
2018,DODGE,CHARGER AWD (MDS),FULL-SIZE,5.7,8,A5,X,16,10.1,13.3,21,312
2018,DODGE,CHARGER SRT (MDS),FULL-SIZE,6.4,8,A8,Z,15.6,9.6,12.9,22,302
2018,DODGE,CHARGER SRT HELLCAT,FULL-SIZE,6.2,8,A8,Z,17.6,10.7,14.5,19,339
2018,DODGE,DURANGO AWD,SUV - STANDARD,3.6,6,A8,X,12.7,9.6,11.3,25,265
2018,DODGE,DURANGO AWD,SUV - STANDARD,5.7,8,A8,X,16.7,10.9,14.1,20,331
2018,DODGE,DURANGO AWD SRT,SUV - STANDARD,6.4,8,A8,Z,18.3,12.2,15.6,18,363
2018,DODGE,GRAND CARAVAN FFV,MINIVAN,3.6,6,A6,X,13.7,9.4,11.8,24,276
2018,DODGE,GRAND CARAVAN FFV,MINIVAN,3.6,6,A6,E,19.4,13.3,16.7,17,274
2018,DODGE,JOURNEY,SUV - SMALL,2.4,4,A4,X,12.7,9.2,11.1,25,261
2018,DODGE,JOURNEY FFV,SUV - SMALL,3.6,6,A6,X,14.2,9.5,12.1,23,284
2018,DODGE,JOURNEY FFV,SUV - SMALL,3.6,6,A6,E,19.1,13.2,16.4,17,274
2018,DODGE,JOURNEY AWD,SUV - SMALL,3.6,6,A6,X,14.5,10,12.4,23,292
2018,FIAT,124 SPIDER,TWO-SEATER,1.4,4,A6,X,9.3,6.5,8,35,187
2018,FIAT,124 SPIDER,TWO-SEATER,1.4,4,M6,X,9,6.7,7.9,36,185
2018,FIAT,500L,STATION WAGON - SMALL,1.4,4,A6,X,10.7,7.9,9.4,30,221
2018,FIAT,500X,SUV - SMALL,1.4,4,M6,X,9.5,7.1,8.4,34,197
2018,FIAT,500X,SUV - SMALL,2.4,4,A9,X,10.7,7.8,9.4,30,220
2018,FIAT,500X AWD,SUV - SMALL,2.4,4,A9,X,11,8,9.7,29,226
2018,FORD,C-MAX HYBRID,FULL-SIZE,2,4,AV,X,5.7,6.2,5.9,48,138
2018,FORD,ECOSPORT,SUV - SMALL,1,3,AS6,X,8.6,8.1,8.4,34,195
2018,FORD,ECOSPORT AWD,SUV - SMALL,2,4,AS6,X,10.2,8,9.3,30,217
2018,FORD,EDGE,SUV - SMALL,2,4,AS6,X,11.5,8,9.9,29,233
2018,FORD,EDGE (Start/Stop),SUV - SMALL,2,4,AS6,X,11.3,8,9.9,29,231
2018,FORD,EDGE,SUV - SMALL,3.5,6,AS6,X,13.5,9.1,11.5,25,270
2018,FORD,EDGE AWD,SUV - SMALL,2,4,AS6,X,11.9,8.7,10.5,27,246
2018,FORD,EDGE AWD,SUV - SMALL,2.7,6,AS6,X,13.8,9.8,12,24,282
2018,FORD,EDGE AWD,SUV - SMALL,3.5,6,AS6,X,14.2,10.2,12.4,23,291
2018,FORD,ESCAPE,SUV - SMALL,1.5,4,AS6,X,10.2,7.8,9.1,31,214
2018,FORD,ESCAPE FFV,SUV - SMALL,2.5,4,AS6,X,11.1,8.1,9.7,29,229
2018,FORD,ESCAPE FFV,SUV - SMALL,2.5,4,AS6,E,15.2,10.9,13.3,21,219
2018,FORD,ESCAPE AWD,SUV - SMALL,1.5,4,AS6,X,10.7,8.3,9.6,29,226
2018,FORD,ESCAPE AWD,SUV - SMALL,2,4,AS6,X,11.5,8.8,10.3,27,241
2018,FORD,EXPEDITION 4X4,SUV - STANDARD,3.5,6,AS10,X,13.8,10.7,12.4,23,291
2018,FORD,EXPEDITION MAX 4X4,SUV - STANDARD,3.5,6,AS10,X,14.9,11.2,13.2,21,311
2018,FORD,EXPLORER,SUV - STANDARD,2.3,4,AS6,X,12.6,8.6,10.8,26,254
2018,FORD,EXPLORER FFV,SUV - STANDARD,3.5,6,AS6,X,13.9,9.8,12.1,23,283
2018,FORD,EXPLORER FFV,SUV - STANDARD,3.5,6,AS6,E,18.7,13,16.2,17,269
2018,FORD,EXPLORER AWD,SUV - STANDARD,2.3,4,AS6,X,13.1,9.2,11.4,25,267
2018,FORD,EXPLORER AWD,SUV - STANDARD,3.5,6,AS6,X,14.8,10.7,13,22,305
2018,FORD,EXPLORER FFV AWD,SUV - STANDARD,3.5,6,AS6,X,14.5,10.6,12.7,22,299
2018,FORD,EXPLORER FFV AWD,SUV - STANDARD,3.5,6,AS6,E,19.7,14.3,17.3,16,288
2018,FORD,F-150,PICKUP TRUCK - STANDARD,2.7,6,AS10,X,11.9,9,10.6,27,249
2018,FORD,F-150 (LT Tire Pkg),PICKUP TRUCK - STANDARD,2.7,6,AS10,X,12,9.4,10.8,26,253
2018,FORD,F-150 (Payload Pkg),PICKUP TRUCK - STANDARD,2.7,6,AS10,X,12.3,9.4,11,26,258
2018,FORD,F-150,PICKUP TRUCK - STANDARD,3,6,AS10,D,10.8,8,9.5,30,256
2018,FORD,F-150 (LT Tire Pkg),PICKUP TRUCK - STANDARD,3,6,AS10,D,10.8,8.4,9.7,29,260
2018,FORD,F-150,PICKUP TRUCK - STANDARD,3.3,6,AS6,X,12.3,9.4,11,26,259
2018,FORD,F-150 FFV,PICKUP TRUCK - STANDARD,3.3,6,AS6,X,12.3,9.3,10.9,26,257
2018,FORD,F-150 FFV,PICKUP TRUCK - STANDARD,3.3,6,AS6,E,16.8,12.7,14.9,19,248
2018,FORD,F-150 (LT Tire Pkg),PICKUP TRUCK - STANDARD,3.3,6,AS6,X,12.4,9.8,11.2,25,263
2018,FORD,F-150 FFV (LT Tire Pkg),PICKUP TRUCK - STANDARD,3.3,6,AS6,X,12.4,9.8,11.2,25,263
2018,FORD,F-150 FFV (LT Tire Pkg),PICKUP TRUCK - STANDARD,3.3,6,AS6,E,16.8,12.7,14.9,19,248
2018,FORD,F-150,PICKUP TRUCK - STANDARD,3.5,6,AS10,X,13.6,10.1,12,24,282
2018,FORD,F-150 (LT Tire Pkg),PICKUP TRUCK - STANDARD,3.5,6,AS10,X,13.6,10.7,12.3,23,288
2018,FORD,F-150 (Payload Pkg),PICKUP TRUCK - STANDARD,3.5,6,AS10,X,13.7,11.2,12.5,23,293
2018,FORD,F-150,PICKUP TRUCK - STANDARD,5,8,AS10,X,14.1,10.4,12.4,23,292
2018,FORD,F-150 FFV,PICKUP TRUCK - STANDARD,5,8,AS10,X,13.9,10.2,12.2,23,286
2018,FORD,F-150 FFV,PICKUP TRUCK - STANDARD,5,8,AS10,E,20.2,14,17.4,16,288
2018,FORD,F-150 (LT Tire Pkg),PICKUP TRUCK - STANDARD,5,8,AS10,X,14.7,11.2,13.1,22,308
2018,FORD,F-150 FFV (LT Tire Pkg),PICKUP TRUCK - STANDARD,5,8,AS10,X,14.7,11.2,13.1,22,307
2018,FORD,F-150 FFV (LT Tire Pkg),PICKUP TRUCK - STANDARD,5,8,AS10,E,20.2,14,17.4,16,288
2018,FORD,F-150 (Payload Pkg),PICKUP TRUCK - STANDARD,5,8,AS10,X,14.7,11.8,13.8,20,324
2018,FORD,F-150 FFV (Payload Pkg),PICKUP TRUCK - STANDARD,5,8,AS10,X,14.7,11.8,13.8,20,323
2018,FORD,F-150 FFV (Payload Pkg),PICKUP TRUCK - STANDARD,5,8,AS10,E,20.3,14,17.4,16,288
2018,FORD,F-150 4X4,PICKUP TRUCK - STANDARD,2.7,6,AS10,X,12.6,9.8,11.3,25,265
2018,FORD,F-150 4X4 (LT Tire Pkg),PICKUP TRUCK - STANDARD,2.7,6,AS10,X,13.1,10.2,11.8,24,277
2018,FORD,F-150 4X4 (Payload Pkg),PICKUP TRUCK - STANDARD,2.7,6,AS10,X,13.1,9.8,11.6,24,272
2018,FORD,F-150 4X4,PICKUP TRUCK - STANDARD,3,6,AS10,D,11.8,9.3,10.7,26,288
2018,FORD,F-150 4X4 (LT Tire Pkg),PICKUP TRUCK - STANDARD,3,6,AS10,D,11.8,9.3,10.7,26,288
2018,FORD,F-150 4X4 XL/XLT,PICKUP TRUCK - STANDARD,3,6,AS10,D,11.2,8.4,9.9,29,266
2018,FORD,F-150 4X4,PICKUP TRUCK - STANDARD,3.3,6,AS6,X,13,10.3,11.8,24,277
2018,FORD,F-150 FFV 4X4,PICKUP TRUCK - STANDARD,3.3,6,AS6,X,12.9,10.2,11.7,24,273
2018,FORD,F-150 FFV 4X4,PICKUP TRUCK - STANDARD,3.3,6,AS6,E,17.6,13.7,15.8,18,263
2018,FORD,F-150 4X4 (LT Tire Pkg),PICKUP TRUCK - STANDARD,3.3,6,AS6,X,13.8,10.7,12.4,23,291
2018,FORD,F-150 FFV 4X4 (LT Tire Pkg),PICKUP TRUCK - STANDARD,3.3,6,AS6,X,13.8,10.7,12.4,23,291
2018,FORD,F-150 FFV 4X4 (LT Tire Pkg),PICKUP TRUCK - STANDARD,3.3,6,AS6,E,17.5,13.7,15.8,18,262
2018,FORD,F-150 4X4,PICKUP TRUCK - STANDARD,3.5,6,AS10,X,14.3,10.5,12.6,22,295
2018,FORD,F-150 4X4 (LT Tire Pkg),PICKUP TRUCK - STANDARD,3.5,6,AS10,X,14.4,10.6,12.7,22,297
2018,FORD,F-150 4X4 (Payload Pkg),PICKUP TRUCK - STANDARD,3.5,6,AS10,X,14.5,11.2,13,22,305
2018,FORD,F-150 4X4,PICKUP TRUCK - STANDARD,5,8,AS10,X,14.6,10.9,13,22,304
2018,FORD,F-150 FFV 4X4,PICKUP TRUCK - STANDARD,5,8,AS10,X,15.1,11,13.3,21,311
2018,FORD,F-150 FFV 4X4,PICKUP TRUCK - STANDARD,5,8,AS10,E,20,15.6,18,16,300
2018,FORD,F-150 4X4 (LT Tire Pkg),PICKUP TRUCK - STANDARD,5,8,AS10,X,14.7,11.8,13.8,20,324
2018,FORD,F-150 FFV 4X4 (LT Tire Pkg),PICKUP TRUCK - STANDARD,5,8,AS10,X,15.1,11.8,13.8,20,324
2018,FORD,F-150 FFV 4X4 (LT Tire Pkg),PICKUP TRUCK - STANDARD,5,8,AS10,E,20,15.6,18,16,300
2018,FORD,F-150 4X4 (Payload Pkg),PICKUP TRUCK - STANDARD,5,8,AS10,X,15.7,12.4,14.2,20,334
2018,FORD,F-150 FFV 4X4 (Payload Pkg),PICKUP TRUCK - STANDARD,5,8,AS10,X,16.1,12.4,14.5,19,339
2018,FORD,F-150 FFV 4X4 (Payload Pkg),PICKUP TRUCK - STANDARD,5,8,AS10,E,21.4,17.2,19.5,14,325
2018,FORD,F-150 RAPTOR 4WD,PICKUP TRUCK - STANDARD,3.5,6,AS10,X,15.6,13.2,14.5,19,339
2018,FORD,FIESTA,SUBCOMPACT,1.6,4,AM6,X,8.6,6.4,7.6,37,179
2018,FORD,FIESTA,SUBCOMPACT,1.6,4,M5,X,8.6,6.7,7.8,36,182
2018,FORD,FIESTA ST,SUBCOMPACT,1.6,4,M6,X,9,7.1,8.2,34,192
2018,FORD,FLEX,SUV - STANDARD,3.5,6,AS6,X,14.7,10.2,12.7,22,298
2018,FORD,FLEX AWD,SUV - STANDARD,3.5,6,AS6,X,14.7,10.7,12.9,22,303
2018,FORD,FLEX AWD GTDI,SUV - STANDARD,3.5,6,AS6,X,15.7,11.2,13.7,21,322
2018,FORD,FOCUS,COMPACT,1,3,AS6,X,8.5,6.2,7.5,38,176
2018,FORD,FOCUS,COMPACT,1,3,M6,X,7.9,5.9,7,40,164
2018,FORD,FOCUS,COMPACT,2,4,AM6,X,8.9,6.1,7.7,37,179
2018,FORD,FOCUS,COMPACT,2,4,AS6,X,9.8,7,8.5,33,200
2018,FORD,FOCUS,COMPACT,2,4,M5,X,9.5,6.9,8.3,34,196
2018,FORD,FOCUS RS AWD,MID-SIZE,2.3,4,M6,Z,12.2,9,10.8,26,252
2018,FORD,FOCUS ST,MID-SIZE,2,4,M6,X,10.5,7.8,9.3,30,219
2018,FORD,FUSION,MID-SIZE,1.5,4,AS6,X,10,7,8.7,32,203
2018,FORD,FUSION,MID-SIZE,2,4,AS6,X,11.2,7.6,9.6,29,225
2018,FORD,FUSION,MID-SIZE,2.5,4,A6,X,11.3,7.4,9.5,30,223
2018,FORD,FUSION AWD,MID-SIZE,2,4,AS6,X,11.8,8.2,10.2,28,238
2018,FORD,FUSION AWD,MID-SIZE,2.7,6,AS6,X,13.8,9.1,11.8,24,277
2018,FORD,FUSION HYBRID,MID-SIZE,2,4,AV,X,5.5,5.6,5.6,50,131
2018,FORD,GT,TWO-SEATER,3.5,6,AM7,Z,20.4,13.1,17.1,17,403
2018,FORD,MUSTANG,SUBCOMPACT,2.3,4,AS10,X,11,7.4,9.4,30,219
2018,FORD,MUSTANG (Performance Pkg),SUBCOMPACT,2.3,4,AS10,X,11.8,8.1,10.1,28,236
2018,FORD,MUSTANG,SUBCOMPACT,2.3,4,M6,X,11,7.7,9.5,30,222
2018,FORD,MUSTANG (Performance Pkg),SUBCOMPACT,2.3,4,M6,X,11.8,8.4,10.3,27,240
2018,FORD,MUSTANG,SUBCOMPACT,5,8,AS10,X,15.1,9.3,12.5,23,291
2018,FORD,MUSTANG,SUBCOMPACT,5,8,M6,X,15.5,9.5,12.8,22,300
2018,FORD,MUSTANG CONVERTIBLE,SUBCOMPACT,2.3,4,AS10,X,11.8,8.2,10.2,28,238
2018,FORD,MUSTANG CONVERTIBLE,SUBCOMPACT,2.3,4,M6,X,11.8,8.4,10.3,27,240
2018,FORD,MUSTANG CONVERTIBLE,SUBCOMPACT,5,8,AS10,X,15.5,10,13.1,22,305
2018,FORD,SHELBY GT350 MUSTANG,SUBCOMPACT,5.2,8,M6,Z,17.2,11.3,14.6,19,341
2018,FORD,T-150 WAGON,VAN - PASSENGER,3.5,6,AS6,X,16.2,12.8,14.7,19,345
2018,FORD,T-150 WAGON,VAN - PASSENGER,3.7,6,AS6,X,16.8,13.1,15.1,19,354
2018,FORD,TAURUS FFV,FULL-SIZE,3.5,6,AS6,X,13.1,8.7,11.1,25,260
2018,FORD,TAURUS FFV,FULL-SIZE,3.5,6,AS6,E,17.6,11.7,15,19,249
2018,FORD,TAURUS AWD,FULL-SIZE,3.5,6,AS6,X,14.6,10,12.5,23,294
2018,FORD,TAURUS FFV AWD,FULL-SIZE,3.5,6,AS6,X,13.6,9.9,12.4,23,291
2018,FORD,TAURUS FFV AWD,FULL-SIZE,3.5,6,AS6,E,18.7,13.4,16.3,17,271
2018,FORD,TRANSIT CONNECT VAN FFV,SPECIAL PURPOSE VEHICLE,2.5,4,AS6,X,11.9,8.7,10.4,27,244
2018,FORD,TRANSIT CONNECT VAN FFV,SPECIAL PURPOSE VEHICLE,2.5,4,AS6,E,16.2,11.9,14.3,20,234
2018,FORD,TRANSIT CONNECT WAGON LWB FFV,SPECIAL PURPOSE VEHICLE,2.5,4,AS6,X,12.3,8.8,10.7,26,251
2018,FORD,TRANSIT CONNECT WAGON LWB FFV,SPECIAL PURPOSE VEHICLE,2.5,4,AS6,E,16.8,12.1,14.7,19,241
2018,GENESIS,G80 AWD,FULL-SIZE,3.3,6,AS8,Z,13.8,9.7,11.9,24,282
2018,GENESIS,G80 AWD,FULL-SIZE,3.8,6,AS8,X,13.4,9.6,11.7,24,276
2018,GENESIS,G80 AWD,FULL-SIZE,5,8,AS8,Z,15.6,10.4,13.2,21,312
2018,GENESIS,G90 AWD,FULL-SIZE,3.3,6,AS8,Z,13.7,9.7,11.9,24,279
2018,GENESIS,G90 AWD,FULL-SIZE,5,8,AS8,Z,15.2,10.2,13,22,306
2018,GMC,ACADIA,SUV - STANDARD,2.5,4,A6,X,11,9.2,10.2,28,239
2018,GMC,ACADIA,SUV - STANDARD,3.6,6,A6,X,13.1,9.4,11.4,25,268
2018,GMC,ACADIA AWD,SUV - STANDARD,2.5,4,A6,X,11.2,9.4,10.4,27,243
2018,GMC,ACADIA AWD,SUV - STANDARD,3.6,6,A6,X,13.5,9.5,11.7,24,275
2018,GMC,CANYON,PICKUP TRUCK - SMALL,2.5,4,A6,X,12.1,9.2,10.8,26,253
2018,GMC,CANYON,PICKUP TRUCK - SMALL,2.5,4,M6,X,11.9,9.2,10.7,26,251
2018,GMC,CANYON,PICKUP TRUCK - SMALL,2.8,4,A6,D,10.8,8,9.6,29,257
2018,GMC,CANYON,PICKUP TRUCK - SMALL,3.6,6,A8,X,13.4,9.6,11.7,24,274
2018,GMC,CANYON 4WD,PICKUP TRUCK - SMALL,2.5,4,A6,X,12.6,9.8,11.3,25,266
2018,GMC,CANYON 4WD,PICKUP TRUCK - SMALL,2.8,4,A6,D,12.1,8.3,10.4,27,279
2018,GMC,CANYON 4WD,PICKUP TRUCK - SMALL,3.6,6,A8,X,14.1,10,12.2,23,288
2018,GMC,SIERRA FFV,PICKUP TRUCK - STANDARD,4.3,6,A6,X,13.4,10,11.8,24,278
2018,GMC,SIERRA FFV,PICKUP TRUCK - STANDARD,4.3,6,A6,E,19.3,14.4,17.1,17,284
2018,GMC,SIERRA,PICKUP TRUCK - STANDARD,5.3,8,A6,X,14.6,10.3,12.7,22,298
2018,GMC,SIERRA FFV,PICKUP TRUCK - STANDARD,5.3,8,A6,X,14.6,10.3,12.7,22,298
2018,GMC,SIERRA FFV,PICKUP TRUCK - STANDARD,5.3,8,A6,E,19.7,13.9,17,17,283
2018,GMC,SIERRA,PICKUP TRUCK - STANDARD,5.3,8,A8,X,14.9,10.9,13.1,22,307
2018,GMC,SIERRA,PICKUP TRUCK - STANDARD,6.2,8,A8,Z,15.9,11.2,13.8,20,323
2018,GMC,SIERRA eASSIST,PICKUP TRUCK - STANDARD,5.3,8,A8,X,13.4,10,11.8,24,278
2018,GMC,SIERRA 4WD FFV,PICKUP TRUCK - STANDARD,4.3,6,A6,X,14.1,10.6,12.5,23,294
2018,GMC,SIERRA 4WD FFV,PICKUP TRUCK - STANDARD,4.3,6,A6,E,20.2,15.2,18,16,296
2018,GMC,SIERRA 4WD,PICKUP TRUCK - STANDARD,5.3,8,A6,X,15,10.7,13.1,22,307
2018,GMC,SIERRA 4WD FFV,PICKUP TRUCK - STANDARD,5.3,8,A6,X,15,10.7,13.1,22,307
2018,GMC,SIERRA 4WD FFV,PICKUP TRUCK - STANDARD,5.3,8,A6,E,21,15,18.3,15,309
2018,GMC,SIERRA 4WD,PICKUP TRUCK - STANDARD,5.3,8,A8,X,15.6,11.6,13.8,20,324
2018,GMC,SIERRA 4WD,PICKUP TRUCK - STANDARD,6.2,8,A8,Z,16,11.7,14.1,20,331
2018,GMC,SIERRA eASSIST 4WD,PICKUP TRUCK - STANDARD,5.3,8,A8,X,14.4,11.2,13,22,304
2018,GMC,TERRAIN,SUV - SMALL,1.5,4,A9,X,9.2,7.9,8.6,33,201
2018,GMC,TERRAIN,SUV - SMALL,1.6,4,A6,D,8.5,6,7.4,38,198
2018,GMC,TERRAIN AWD,SUV - SMALL,1.5,4,A9,X,9.6,8.3,9,31,210
2018,GMC,TERRAIN AWD,SUV - SMALL,1.6,4,A6,D,8.5,6.1,7.4,38,198
2018,GMC,TERRAIN AWD,SUV - SMALL,2,4,A9,Z,11.2,9,10.2,28,239
2018,GMC,YUKON,SUV - STANDARD,5.3,8,A6,X,15.1,10.4,13,22,305
2018,GMC,YUKON FFV,SUV - STANDARD,5.3,8,A6,X,15.1,10.4,13,22,305
2018,GMC,YUKON FFV,SUV - STANDARD,5.3,8,A6,E,19.8,13.9,17.2,16,285
2018,GMC,YUKON 4WD,SUV - STANDARD,5.3,8,A6,X,15.2,10.8,13.2,21,310
2018,GMC,YUKON 4WD FFV,SUV - STANDARD,5.3,8,A6,X,15.2,10.8,13.2,21,310
2018,GMC,YUKON 4WD FFV,SUV - STANDARD,5.3,8,A6,E,20.8,14.5,18,16,299
2018,GMC,YUKON 4WD,SUV - STANDARD,6.2,8,A10,Z,16.4,10.7,13.8,20,325
2018,GMC,YUKON XL,SUV - STANDARD,5.3,8,A6,X,15.1,10.4,13,22,305
2018,GMC,YUKON XL FFV,SUV - STANDARD,5.3,8,A6,X,15.1,10.4,13,22,305
2018,GMC,YUKON XL FFV,SUV - STANDARD,5.3,8,A6,E,19.8,13.9,17.2,16,285
2018,GMC,YUKON XL 4WD,SUV - STANDARD,5.3,8,A6,X,15.3,10.9,13.3,21,313
2018,GMC,YUKON XL 4WD FFV,SUV - STANDARD,5.3,8,A6,X,15.3,10.9,13.3,21,312
2018,GMC,YUKON XL 4WD FFV,SUV - STANDARD,5.3,8,A6,E,22.3,15.7,19.3,15,321
2018,GMC,YUKON XL 4WD,SUV - STANDARD,6.2,8,A10,Z,17.1,11.3,14.5,19,340
2018,HONDA,ACCORD,FULL-SIZE,1.5,4,AV,X,7.9,6.3,7.2,39,168
2018,HONDA,ACCORD,FULL-SIZE,1.5,4,AV7,X,8.2,6.8,7.6,37,177
2018,HONDA,ACCORD,FULL-SIZE,1.5,4,M6,X,8.9,6.7,7.9,36,185
2018,HONDA,ACCORD,FULL-SIZE,2,4,M6,X,10.7,7.3,9.2,31,214
2018,HONDA,ACCORD SPORT/TOURING,MID-SIZE,2,4,AS10,X,10.4,7.4,9.1,31,211
2018,HONDA,ACCORD HYBRID,FULL-SIZE,2,4,AV,X,5,5.1,5.1,55,118
2018,HONDA,CIVIC COUPE,COMPACT,1.5,4,AV,X,7.5,5.9,6.8,42,158
2018,HONDA,CIVIC COUPE,COMPACT,1.5,4,M6,X,7.7,5.7,6.8,42,158
2018,HONDA,CIVIC COUPE,COMPACT,2,4,AV,X,7.8,6,7,40,163
2018,HONDA,CIVIC COUPE,COMPACT,2,4,M6,X,8.5,6.1,7.4,38,173
2018,HONDA,CIVIC COUPE Si,COMPACT,1.5,4,M6,Z,8.4,6.2,7.4,38,173
2018,HONDA,CIVIC HATCHBACK,FULL-SIZE,1.5,4,AV,X,7.7,6,6.9,41,162
2018,HONDA,CIVIC HATCHBACK,FULL-SIZE,1.5,4,AV7,X,7.9,6.6,7.3,39,170
2018,HONDA,CIVIC HATCHBACK,FULL-SIZE,1.5,4,M6,X,8,6.2,7.2,39,167
2018,HONDA,CIVIC HATCHBACK SPORT,FULL-SIZE,1.5,4,AV7,Z,7.9,6.6,7.3,39,170
2018,HONDA,CIVIC HATCHBACK SPORT,FULL-SIZE,1.5,4,M6,Z,8,6.2,7.2,39,167
2018,HONDA,CIVIC SEDAN,MID-SIZE,1.5,4,AV,X,7.4,5.6,6.6,43,153
2018,HONDA,CIVIC SEDAN,MID-SIZE,2,4,AV,X,7.8,6,7,40,163
2018,HONDA,CIVIC SEDAN,MID-SIZE,2,4,M6,X,8.5,6,7.4,38,172
2018,HONDA,CIVIC SEDAN Si,MID-SIZE,1.5,4,M6,Z,8.4,6.2,7.4,38,173
2018,HONDA,CIVIC TYPE R,FULL-SIZE,2,4,M6,Z,10.6,8.3,9.6,29,224
2018,HONDA,CRV,SUV - SMALL,1.5,4,AV,X,8.4,7,7.8,36,181
2018,HONDA,CRV AWD,SUV - SMALL,1.5,4,AV,X,8.7,7.2,8,35,188
2018,HONDA,FIT,STATION WAGON - SMALL,1.5,4,AV,X,7,5.9,6.5,43,151
2018,HONDA,FIT,STATION WAGON - SMALL,1.5,4,AV7,X,7.6,6.5,7,40,166
2018,HONDA,FIT,STATION WAGON - SMALL,1.5,4,M6,X,8.1,6.6,7.4,38,174
2018,HONDA,HR-V,STATION WAGON - SMALL,1.8,4,AV,X,8.3,6.9,7.7,37,180
2018,HONDA,HR-V,STATION WAGON - SMALL,1.8,4,AV7,X,8.3,6.9,7.7,37,180
2018,HONDA,HR-V,STATION WAGON - SMALL,1.8,4,M6,X,9.4,7.1,8.4,34,195
2018,HONDA,HR-V AWD,STATION WAGON - SMALL,1.8,4,AV,X,8.9,7.5,8.2,34,194
2018,HONDA,HR-V AWD,STATION WAGON - SMALL,1.8,4,AV7,X,8.9,7.5,8.2,34,194
2018,HONDA,ODYSSEY,MINIVAN,3.5,6,AS9,X,12.6,8.4,10.7,26,252
2018,HONDA,ODYSSEY TOURING,MINIVAN,3.5,6,AS10,X,12.2,8.5,10.6,27,247
2018,HONDA,PILOT AWD,SUV - SMALL,3.5,6,A6,X,13,9.3,11.3,25,266
2018,HONDA,PILOT AWD,SUV - SMALL,3.5,6,AS9,X,12.4,9.3,11,26,256
2018,HONDA,RIDGELINE AWD,PICKUP TRUCK - STANDARD,3.5,6,A6,X,12.8,9.5,11.3,25,264
2018,HYUNDAI,ELANTRA,MID-SIZE,1.6,4,AM7,X,8.9,7,8.1,35,189
2018,HYUNDAI,ACCENT,COMPACT,1.6,4,AS6,X,8.3,6.2,7.4,38,173
2018,HYUNDAI,ACCENT,COMPACT,1.6,4,M6,X,8.2,6.3,7.3,39,173
2018,HYUNDAI,ELANTRA,MID-SIZE,1.6,4,M6,X,10.7,7.8,9.4,30,221
2018,HYUNDAI,ELANTRA,MID-SIZE,2,4,AS6,X,8.3,6.4,7.4,38,174
2018,HYUNDAI,ELANTRA,MID-SIZE,2,4,M6,X,9.3,6.4,8,35,188
2018,HYUNDAI,ELANTRA GT,FULL-SIZE,1.6,4,AM7,X,9.2,7.1,8.3,34,194
2018,HYUNDAI,ELANTRA GT,FULL-SIZE,1.6,4,M6,X,10.7,8.1,9.6,29,226
2018,HYUNDAI,ELANTRA GT,FULL-SIZE,2,4,AS6,X,9.4,7.2,8.4,34,198
2018,HYUNDAI,ELANTRA GT,FULL-SIZE,2,4,M6,X,9.8,7.3,8.7,32,205
2018,HYUNDAI,IONIQ,FULL-SIZE,1.6,4,AM6,X,4.3,4.4,4.3,66,102
2018,HYUNDAI,IONIQ BLUE,FULL-SIZE,1.6,4,AM6,X,4.2,4,4.1,69,96
2018,HYUNDAI,SANTA FE,SUV - SMALL,3.3,6,AS6,X,12.9,9.4,11.3,25,265
2018,HYUNDAI,SANTA FE AWD,SUV - SMALL,3.3,6,AS6,X,13,9.7,11.5,25,269
2018,HYUNDAI,SANTA FE ULTIMATE AWD,SUV - SMALL,3.3,6,AS6,X,13.9,10.8,12.5,23,295
2018,HYUNDAI,SANTA FE SPORT,SUV - SMALL,2.4,4,AS6,X,11.1,8.6,10,28,235
2018,HYUNDAI,SANTA FE SPORT AWD,SUV - SMALL,2.4,4,AS6,X,12,9.1,10.7,26,253
2018,HYUNDAI,SANTA FE SPORT ULTIMATE AWD,SUV - SMALL,2,4,AS6,X,12.5,9.6,11.2,25,264
2018,HYUNDAI,SONATA,FULL-SIZE,2,4,AS8,X,10.4,7.4,9.1,31,212
2018,HYUNDAI,SONATA,FULL-SIZE,2.4,4,AS6,X,9.8,6.9,8.5,33,202
2018,HYUNDAI,TUCSON,SUV - SMALL,2,4,AS6,X,10.1,7.8,9,31,213
2018,HYUNDAI,TUCSON AWD,SUV - SMALL,1.6,4,AM7,X,9.9,8.5,9.3,30,221
2018,HYUNDAI,TUCSON AWD,SUV - SMALL,2,4,AS6,X,11,9.1,10.2,28,241
2018,INFINITI,Q50 AWD,MID-SIZE,2,4,AS7,Z,10.7,8.6,9.7,29,228
2018,INFINITI,Q50 AWD,MID-SIZE,3,6,AS7,Z,12.4,8.7,10.8,26,253
2018,INFINITI,Q50 AWD RED SPORT,MID-SIZE,3,6,AS7,Z,12.5,9.3,11.1,25,260
2018,INFINITI,Q50 HYBRID AWD,COMPACT,3.5,6,AS7,Z,9.1,7.7,8.5,33,200
2018,INFINITI,Q60 AWD,SUBCOMPACT,2,4,AS7,Z,11.2,8.5,10,28,233
2018,INFINITI,Q60 AWD,SUBCOMPACT,3,6,AS7,Z,12.3,8.6,10.7,26,251
2018,INFINITI,Q60 AWD RED SPORT,SUBCOMPACT,3,6,AS7,Z,12.5,9.2,11,26,259
2018,INFINITI,Q70 AWD,MID-SIZE,3.7,6,AS7,Z,13.2,9.8,11.7,24,274
2018,INFINITI,Q70 AWD,MID-SIZE,5.6,8,AS7,Z,14.9,10.3,12.8,22,301
2018,INFINITI,QX30,COMPACT,2,4,AM7,Z,9.7,7.1,8.5,33,200
2018,INFINITI,QX30 AWD,COMPACT,2,4,AM7,Z,10.6,8,9.4,30,221
2018,INFINITI,QX60 AWD,SUV - SMALL,3.5,6,AV7,Z,12.5,9,10.9,26,257
2018,INFINITI,QX80 4WD,SUV - STANDARD,5.6,8,AS7,Z,17.4,12.2,15.1,19,354
2018,JAGUAR,F-PACE 20d,SUV - SMALL,2,4,AS8,D,8.9,7.2,8.1,35,218
2018,JAGUAR,F-PACE 25t,SUV - SMALL,2,4,AS8,Z,10.7,8.8,9.9,29,227
2018,JAGUAR,F-PACE 35t,SUV - SMALL,3,6,AS8,Z,13.3,10,11.8,24,277
2018,JAGUAR,F-TYPE CONVERTIBLE,TWO-SEATER,2,4,AS8,Z,10.2,7.8,9.2,31,215
2018,JAGUAR,F-TYPE CONVERTIBLE,TWO-SEATER,3,6,AS8,Z,11.9,8.5,10.4,27,242
2018,JAGUAR,F-TYPE CONVERTIBLE,TWO-SEATER,3,6,M6,Z,14.9,9.8,12.6,22,296
2018,JAGUAR,F-TYPE CONVERTIBLE R-DYNAMIC,TWO-SEATER,3,6,AS8,Z,12.4,8.8,10.8,26,253
2018,JAGUAR,F-TYPE CONVERTIBLE R-DYNAMIC,TWO-SEATER,3,6,M6,Z,15.3,10,12.9,22,302
2018,JAGUAR,F-TYPE CONVERTIBLE R-DYNAMIC AWD,TWO-SEATER,3,6,AS8,Z,13,9.2,11.3,25,265
2018,JAGUAR,F-TYPE COUPE,TWO-SEATER,2,4,AS8,Z,10.2,7.8,9.2,31,215
2018,JAGUAR,F-TYPE COUPE,TWO-SEATER,3,6,AS8,Z,11.9,8.5,10.4,27,242
2018,JAGUAR,F-TYPE COUPE,TWO-SEATER,3,6,M6,Z,14.9,9.8,12.6,22,296
2018,JAGUAR,F-TYPE COUPE R-DYNAMIC,TWO-SEATER,3,6,AS8,Z,12.4,8.8,10.8,26,253
2018,JAGUAR,F-TYPE COUPE R-DYNAMIC,TWO-SEATER,3,6,M6,Z,15.3,10,12.9,22,302
2018,JAGUAR,F-TYPE COUPE R-DYNAMIC AWD,TWO-SEATER,3,6,AS8,Z,13,9.2,11.3,25,265
2018,JAGUAR,F-TYPE R AWD CONVERTIBLE,TWO-SEATER,5,8,AS8,Z,15.6,10.4,13.3,21,311
2018,JAGUAR,F-TYPE R AWD COUPE,TWO-SEATER,5,8,AS8,Z,15.6,10.4,13.3,21,311
2018,JAGUAR,XE 20d AWD,COMPACT,2,4,AS8,D,7.8,5.8,6.9,41,186
2018,JAGUAR,XE 25t AWD,COMPACT,2,4,AS8,Z,9.8,6.9,8.5,33,200
2018,JAGUAR,XE 35t AWD,COMPACT,3,6,AS8,Z,11.8,8.2,10.2,28,238
2018,JAGUAR,XF 20d AWD,MID-SIZE,2,4,AS8,D,7.8,5.8,6.9,41,186
2018,JAGUAR,XF 25t AWD,MID-SIZE,2,4,AS8,Z,10.1,7.2,8.8,32,207
2018,JAGUAR,XF 35t AWD,MID-SIZE,3,6,AS8,Z,12,8.4,10.4,27,243
2018,JAGUAR,XJ R-SPORT AWD,FULL-SIZE,3,6,AS8,Z,14,9,11.8,24,276
2018,JAGUAR,XJL PORTFOLIO AWD,FULL-SIZE,3,6,AS8,Z,14,9.4,11.9,24,280
2018,JAGUAR,XJR LWB,FULL-SIZE,5,8,AS8,Z,15.8,10.3,13.3,21,313
2018,JEEP,CHEROKEE FFV,SUV - SMALL,2.4,4,A9,X,11,7.8,9.6,29,225
2018,JEEP,CHEROKEE FFV,SUV - SMALL,2.4,4,A9,E,15.5,10.5,13.3,21,218
2018,JEEP,CHEROKEE,SUV - SMALL,3.2,6,A9,X,11.4,8.3,10,28,234
2018,JEEP,CHEROKEE 4X4 ACTIVE DRIVE I,SUV - SMALL,2.4,4,A9,X,11.3,8.4,10,28,235
2018,JEEP,CHEROKEE 4X4 ACTIVE DRIVE I FFV,SUV - SMALL,2.4,4,A9,X,11.3,8.4,10,28,235
2018,JEEP,CHEROKEE 4X4 ACTIVE DRIVE I FFV,SUV - SMALL,2.4,4,A9,E,16.3,11.3,14,20,231
2018,JEEP,CHEROKEE 4X4 ACTIVE DRIVE I,SUV - SMALL,3.2,6,A9,X,11.6,8.6,10.3,27,241
2018,JEEP,CHEROKEE 4X4 ACTIVE DRIVE II,SUV - SMALL,2.4,4,A9,X,11.4,8.7,10.2,28,239
2018,JEEP,CHEROKEE 4X4 ACTIVE DRIVE II,SUV - SMALL,3.2,6,A9,X,12.8,9,11.1,25,259
2018,JEEP,CHEROKEE 4X4 ACTIVE DRIVE LOCK,SUV - SMALL,2.4,4,A9,X,12.1,9.4,10.9,26,256
2018,JEEP,CHEROKEE 4X4 ACTIVE DRIVE LOCK,SUV - SMALL,3.2,6,A9,X,12.9,9.9,11.6,24,269
2018,JEEP,COMPASS,SUV - SMALL,2.4,4,A6,X,10.6,7.6,9.3,30,218
2018,JEEP,COMPASS,SUV - SMALL,2.4,4,M6,X,10.4,7.3,9,31,211
2018,JEEP,COMPASS 4X4,SUV - SMALL,2.4,4,A9,X,10.8,7.8,9.5,30,222
2018,JEEP,COMPASS 4X4,SUV - SMALL,2.4,4,M6,X,10.8,7.6,9.4,30,221
2018,JEEP,GRAND CHEROKEE 4X4,SUV - STANDARD,3.6,6,A8,X,12.7,9.6,11.3,25,265
2018,JEEP,GRAND CHEROKEE 4X4,SUV - STANDARD,5.7,8,A8,X,16.7,10.9,14.1,20,331
2018,JEEP,GRAND CHEROKEE 4X4 SRT,SUV - STANDARD,6.4,8,A8,Z,18.3,12.6,15.7,18,368
2018,JEEP,GRAND CHEROKEE 4X4 TRACKHAWK,SUV - STANDARD,6.2,8,A8,Z,20.9,13.8,17.7,16,413
2018,JEEP,NEW WRANGLER 4X4,SUV - SMALL,3.6,6,A8,X,12.8,10.4,11.8,24,274
2018,JEEP,NEW WRANGLER 4X4,SUV - SMALL,3.6,6,M6,X,13.7,9.6,11.8,24,277
2018,JEEP,NEW WRANGLER UNLIMITED 4X4,SUV - SMALL,3.6,6,A8,X,12.9,10.2,11.7,24,275
2018,JEEP,NEW WRANGLER UNLIMITED 4X4,SUV - SMALL,3.6,6,M6,X,13.8,10.1,12.2,23,285
2018,JEEP,RENEGADE,SUV - SMALL,1.4,4,M6,X,9.9,7.7,8.9,32,209
2018,JEEP,RENEGADE,SUV - SMALL,2.4,4,A9,X,10.8,7.8,9.5,30,222
2018,JEEP,RENEGADE FFV,SUV - SMALL,2.4,4,A9,X,10.8,7.8,9.5,30,222
2018,JEEP,RENEGADE FFV,SUV - SMALL,2.4,4,A9,E,14.4,10.2,12.5,23,206
2018,JEEP,RENEGADE 4X4,SUV - SMALL,1.4,4,M6,X,9.9,7.7,8.9,32,211
2018,JEEP,RENEGADE 4X4,SUV - SMALL,2.4,4,A9,X,11.2,8.2,9.8,29,230
2018,JEEP,WRANGLER JK 4X4,SUV - SMALL,3.6,6,A5,X,14.1,11.1,12.8,22,299
2018,JEEP,WRANGLER JK 4X4,SUV - SMALL,3.6,6,M6,X,14.2,11,12.8,22,298
2018,JEEP,WRANGLER JK UNLIMITED 4X4,SUV - SMALL,3.6,6,A5,X,14.7,11.7,13.4,21,313
2018,JEEP,WRANGLER JK UNLIMITED 4X4,SUV - SMALL,3.6,6,M6,X,15,11.4,13.3,21,312
2018,KIA,CADENZA,FULL-SIZE,3.3,6,AS8,X,11.5,8.5,10.2,28,237
2018,KIA,FORTE (MPI),MID-SIZE,2,4,AS6,X,8,6.1,7.1,40,168
2018,KIA,FORTE (GDI),MID-SIZE,2,4,AS6,X,9.4,7,8.3,34,198
2018,KIA,FORTE,MID-SIZE,2,4,M6,X,9.4,6.8,8.3,34,195
2018,KIA,FORTE 5,FULL-SIZE,1.6,4,AM7,X,9.4,7.9,8.7,32,207
2018,KIA,FORTE 5,FULL-SIZE,2,4,AS6,X,9.4,7,8.3,34,197
2018,KIA,FORTE 5,FULL-SIZE,2,4,M6,X,9.8,7.3,8.7,32,204
2018,KIA,K900,FULL-SIZE,3.8,6,AS8,X,13.8,9.3,11.8,24,279
2018,KIA,K900,FULL-SIZE,5,8,AS8,Z,15.6,10.6,13.3,21,317
2018,KIA,NIRO,STATION WAGON - SMALL,1.6,4,AM6,X,4.6,5.1,4.8,59,114
2018,KIA,NIRO FE,STATION WAGON - SMALL,1.6,4,AM6,X,4.5,4.8,4.7,60,110
2018,KIA,NIRO TOURING,STATION WAGON - SMALL,1.6,4,AM6,X,5.1,5.8,5.4,52,129
2018,KIA,OPTIMA,FULL-SIZE,2,4,AS6,X,10.9,7.6,9.4,30,224
2018,KIA,OPTIMA,FULL-SIZE,2.4,4,AS6,X,9.6,6.8,8.4,34,198
2018,KIA,OPTIMA FE,FULL-SIZE,2.4,4,AS6,X,9.3,6.6,8,35,190
2018,KIA,OPTIMA HYBRID,MID-SIZE,2,4,AM6,X,6,5.1,5.6,50,132
2018,KIA,RIO,COMPACT,1.6,4,AS6,X,8.5,6.4,7.5,38,177
2018,KIA,RIO,COMPACT,1.6,4,M6,X,8.3,6.4,7.5,38,175
2018,KIA,SEDONA,MINIVAN,3.3,6,AS6,X,13.2,9.7,11.6,24,275
2018,KIA,SEDONA SX,MINIVAN,3.3,6,AS6,X,12.9,9.5,11.4,25,269
2018,KIA,SEDONA SXL,MINIVAN,3.3,6,AS6,X,14.1,10.5,12.5,23,296
2018,KIA,SORENTO,SUV - SMALL,2.4,4,AS6,X,11.2,8.3,9.9,29,234
2018,KIA,SORENTO AWD,SUV - SMALL,2,4,AS6,X,12.3,9.4,11,26,259
2018,KIA,SORENTO AWD,SUV - SMALL,2.4,4,AS6,X,11.5,9.3,10.5,27,246
2018,KIA,SORENTO AWD,SUV - SMALL,3.3,6,AS6,X,14,10.1,12.2,23,289
2018,KIA,SORENTO AWD FE,SUV - SMALL,3.3,6,AS6,X,13.2,9.3,11.4,25,270
2018,KIA,SOUL,STATION WAGON - SMALL,1.6,4,AM7,X,9.1,7.7,8.5,33,199
2018,KIA,SOUL,STATION WAGON - SMALL,1.6,4,AS6,X,9.4,7.8,8.7,32,205
2018,KIA,SOUL,STATION WAGON - SMALL,2,4,AS6,X,9.5,7.8,8.7,32,206
2018,KIA,SPORTAGE,SUV - SMALL,2.4,4,AS6,X,10.3,7.8,9.2,31,218
2018,KIA,SPORTAGE AWD,SUV - SMALL,2,4,AS6,X,11.9,10.2,11.1,25,263
2018,KIA,SPORTAGE AWD,SUV - SMALL,2.4,4,AS6,X,11.3,9.5,10.5,27,247
2018,KIA,STINGER AWD,MID-SIZE,3.3,6,AS8,Z,12.7,9.6,11.3,25,265
2018,LAMBORGHINI,AVENTADOR COUPE,TWO-SEATER,6.5,12,AM7,Z,23.8,14.1,19.4,15,454
2018,LAMBORGHINI,AVENTADOR ROADSTER,TWO-SEATER,6.5,12,AM7,Z,24.2,14.5,19.8,14,464
2018,LAMBORGHINI,AVENTADOR S COUPE,TWO-SEATER,6.5,12,AM7,Z,23.8,14.1,19.4,15,454
2018,LAMBORGHINI,AVENTADOR S ROADSTER,TWO-SEATER,6.5,12,AM7,Z,24.2,14.5,19.8,14,464
2018,LAMBORGHINI,HURACAN,TWO-SEATER,5.2,10,AM7,Z,16.8,11.4,14.4,20,336
2018,LAMBORGHINI,HURACAN AWD,TWO-SEATER,5.2,10,AM7,Z,17.2,12.2,15,19,349
2018,LAMBORGHINI,HURACAN SPYDER,TWO-SEATER,5.2,10,AM7,Z,16.7,11.7,14.5,19,337
2018,LAMBORGHINI,HURACAN SPYDER AWD,TWO-SEATER,5.2,10,AM7,Z,17.2,12.3,15,19,350
2018,LAND ROVER,DISCOVERY SPORT,SUV - SMALL,2,4,AS9,Z,11.4,9.3,10.5,27,246
2018,LAND ROVER,RANGE ROVER EVOQUE,SUV - SMALL,2,4,AS9,Z,10.9,8,9.6,29,225
2018,LAND ROVER,RANGE ROVER EVOQUE CONVERTIBLE,SUV - SMALL,2,4,AS9,Z,11.2,8.2,9.8,29,231
2018,LAND ROVER,RANGE ROVER VELAR,SUV - SMALL,2,4,AS8,D,9.2,7.8,8.5,33,229
2018,LAND ROVER,RANGE ROVER VELAR,SUV - SMALL,3,6,AS8,Z,13,10,11.6,24,273
2018,LEXUS,ES 300h,MID-SIZE,2.5,4,AV6,X,5.8,6.1,5.9,48,139
2018,LEXUS,ES 350,MID-SIZE,3.5,6,AS6,X,11.4,7.7,9.7,29,226
2018,LEXUS,GS 350 AWD,MID-SIZE,3.5,6,AS6,Z,12.5,9.2,11,26,257
2018,LEXUS,GS 450h,MID-SIZE,3.5,6,AV8,Z,8,6.9,7.5,38,176
2018,LEXUS,GS F,COMPACT,5,8,AS8,Z,14.9,9.7,12.5,23,293
2018,LEXUS,GX 460,SUV - STANDARD,4.6,8,AS6,Z,16,12.9,14.6,19,341
2018,LEXUS,IS 300,COMPACT,2,4,AS8,Z,10.6,7.3,9.1,31,214
2018,LEXUS,IS 300 AWD,COMPACT,3.5,6,AS6,Z,12.3,9.1,10.9,26,254
2018,LEXUS,IS 350 AWD,COMPACT,3.5,6,AS6,Z,12.3,9.1,10.9,26,254
2018,LEXUS,LC 500,SUBCOMPACT,5,8,AS10,Z,14.7,9.2,12.2,23,286
2018,LEXUS,LC 500h,SUBCOMPACT,3.5,6,AV10,Z,8.9,7,8,35,187
2018,LEXUS,LS 500,MID-SIZE,3.4,6,AS10,Z,12.2,7.8,10.2,28,240
2018,LEXUS,LS 500 AWD,MID-SIZE,3.4,6,AS10,Z,13,8.7,11,26,259
2018,LEXUS,LS 500h,MID-SIZE,3.5,6,AV10,Z,9.4,7.1,8.4,34,195
2018,LEXUS,LS 500h AWD,MID-SIZE,3.5,6,AV10,Z,10.3,7.6,9.1,31,211
2018,LEXUS,LX 570,SUV - STANDARD,5.7,8,AS8,Z,18.2,12.8,15.8,18,371
2018,LEXUS,NX 300 AWD,SUV - SMALL,2,4,AS6,Z,10.6,8.5,9.7,29,226
2018,LEXUS,NX 300 AWD F SPORT,SUV - SMALL,2,4,AS6,Z,10.8,8.9,9.9,29,232
2018,LEXUS,NX 300h AWD,SUV - SMALL,2.5,4,AV6,X,7.2,7.9,7.5,38,176
2018,LEXUS,RC 300 AWD,SUBCOMPACT,3.5,6,AS6,Z,13.1,9.8,11.2,25,262
2018,LEXUS,RC 350 AWD,SUBCOMPACT,3.5,6,AS6,Z,13.1,9.8,11.2,25,262
2018,LEXUS,RC F,SUBCOMPACT,5,8,AS8,Z,15.2,9.5,12.6,22,289
2018,LEXUS,RX 350 AWD,SUV - SMALL,3.5,6,AS8,X,12.2,9,10.8,26,252
2018,LEXUS,RX 350 L AWD,SUV - SMALL,3.5,6,AS8,X,13.1,9.4,11.1,25,268
2018,LEXUS,RX 450h AWD,SUV - STANDARD,3.5,6,AV6,Z,7.5,8.4,7.9,36,185
2018,LINCOLN,CONTINENTAL AWD,FULL-SIZE,2.7,6,AS6,X,14,9.4,12,24,280
2018,LINCOLN,CONTINENTAL AWD,FULL-SIZE,3,6,AS6,X,14.5,9.8,12.3,23,290
2018,LINCOLN,CONTINENTAL AWD,FULL-SIZE,3.7,6,AS6,X,14.3,9.7,12.2,23,287
2018,LINCOLN,MKC AWD,SUV - SMALL,2,4,AS6,X,12.3,9.3,10.9,26,256
2018,LINCOLN,MKC AWD (Start/Stop),SUV - SMALL,2,4,AS6,X,12.1,9.3,10.8,26,254
2018,LINCOLN,MKC AWD,SUV - SMALL,2.3,4,AS6,X,13.1,9.4,11.5,25,269
2018,LINCOLN,MKT AWD,SUV - STANDARD,3.5,6,AS6,X,15.7,11.2,13.7,21,322
2018,LINCOLN,MKT LIVERY AWD,SPECIAL PURPOSE VEHICLE,3.7,6,A6,X,14.7,10.2,12.7,22,298
2018,LINCOLN,MKX AWD,SUV - SMALL,2.7,6,AS6,X,14.1,9.8,12.1,23,284
2018,LINCOLN,MKX AWD,SUV - SMALL,3.7,6,AS6,X,14.3,10.3,12.5,23,293
2018,LINCOLN,MKZ AWD,MID-SIZE,2,4,AS6,X,11.8,8.4,10.3,27,242
2018,LINCOLN,MKZ AWD,MID-SIZE,3,6,AS6,X,14,9.2,11.8,24,278
2018,LINCOLN,MKZ HYBRID,MID-SIZE,2,4,AV,X,5.7,6.2,5.9,48,139
2018,LINCOLN,NAVIGATOR 4X4,SUV - STANDARD,3.5,6,AS10,X,14.9,11.3,13.3,21,310
2018,MASERATI,GHIBLI,MID-SIZE,3,6,AS8,Z,14.1,9.8,12.2,23,286
2018,MASERATI,GHIBLI S,MID-SIZE,3,6,AS8,Z,14.5,10,12.4,23,293
2018,MASERATI,GHIBLI SQ4,MID-SIZE,3,6,AS8,Z,14.7,9.9,12.6,22,295
2018,MASERATI,GRANTURISMO,SUBCOMPACT,4.7,8,AS6,Z,18.2,11.4,15.1,19,355
2018,MASERATI,GRANTURISMO CONVERTIBLE,SUBCOMPACT,4.7,8,AS6,Z,18.2,11.6,15.2,19,358
2018,MASERATI,LEVANTE,SUV - STANDARD,3,6,AS8,Z,16.4,11.9,14.4,20,340
2018,MASERATI,LEVANTE S,SUV - STANDARD,3,6,AS8,Z,16.6,12.2,14.7,19,346
2018,MASERATI,QUATTROPORTE GTS,FULL-SIZE,3.8,8,AS8,Z,16.1,10.8,13.7,21,321
2018,MASERATI,QUATTROPORTE S,FULL-SIZE,3,6,AS8,Z,14.9,10.3,12.8,22,300
2018,MASERATI,QUATTROPORTE SQ4,FULL-SIZE,3,6,AS8,Z,15,10.3,12.8,22,301
2018,MAZDA,CX-3,COMPACT,2,4,AS6,X,8.2,6.9,7.6,37,180
2018,MAZDA,CX-3,COMPACT,2,4,M6,X,9,7,8.1,35,189
2018,MAZDA,CX-3 4WD,COMPACT,2,4,AS6,X,8.8,7.5,8.2,34,192
2018,MAZDA,CX-5 ,SUV - SMALL,2,4,M6,X,9.7,7.7,8.8,32,206
2018,MAZDA,CX-5,SUV - SMALL,2.5,4,AS6,X,9.7,7.8,8.8,32,206
2018,MAZDA,CX-5 (Cylinder Deactivation),SUV - SMALL,2.5,4,AS6,X,9.3,7.6,8.5,33,201
2018,MAZDA,CX-5 4WD,SUV - SMALL,2.5,4,AS6,X,10.2,8.2,9.3,30,217
2018,MAZDA,CX-5 4WD (Cylinder Deactivation),SUV - SMALL,2.5,4,AS6,X,9.8,7.9,9,31,208
2018,MAZDA,CX-9,SUV - SMALL,2.5,4,AS6,X,10.6,8.4,9.6,29,225
2018,MAZDA,CX-9 4WD,SUV - SMALL,2.5,4,AS6,X,11.5,8.9,10.4,27,242
2018,MAZDA,MAZDA3 4-DOOR,COMPACT,2,4,AS6,X,8.4,6.4,7.5,38,176
2018,MAZDA,MAZDA3 4-DOOR,COMPACT,2,4,M6,X,8.5,6.2,7.5,38,175
2018,MAZDA,MAZDA3 4-DOOR (SIL),COMPACT,2,4,M6,X,8.5,6.2,7.5,38,175
2018,MAZDA,MAZDA3 4-DOOR,COMPACT,2.5,4,AS6,X,8.8,6.6,7.8,36,182
2018,MAZDA,MAZDA3 4-DOOR (i-ELOOP),COMPACT,2.5,4,AS6,X,8.5,6.4,7.6,37,176
2018,MAZDA,MAZDA3 4-DOOR (SIL),COMPACT,2.5,4,M6,X,9.3,6.9,8.2,34,194
2018,MAZDA,MAZDA3 5-DOOR,MID-SIZE,2,4,AS6,X,8.4,6.4,7.5,38,174
2018,MAZDA,MAZDA3 5-DOOR (SIL),MID-SIZE,2,4,M6,X,8.6,6.4,7.6,37,178
2018,MAZDA,MAZDA3 5-DOOR,MID-SIZE,2.5,4,AS6,X,9,6.7,7.8,36,187
2018,MAZDA,MAZDA3 5-DOOR (i-ELOOP),MID-SIZE,2.5,4,AS6,X,8.7,6.6,7.8,36,181
2018,MAZDA,MAZDA3 5-DOOR (SIL),MID-SIZE,2.5,4,M6,X,9.6,7,8.4,34,198
2018,MAZDA,MAZDA6,MID-SIZE,2.5,4,AS6,X,9.1,6.7,8,35,187
2018,MAZDA,MAZDA6 TURBO,MID-SIZE,2.5,4,AS6,X,10,7.5,8.9,32,208
2018,MAZDA,MX-5,TWO-SEATER,2,4,AS6,Z,9.1,6.8,8,35,188
2018,MAZDA,MX-5 (SIL),TWO-SEATER,2,4,M6,Z,8.9,7.1,8.1,35,189
2018,MERCEDES-BENZ,AMG C 43 4MATIC,COMPACT,3,6,A9,Z,11.8,8.8,10.4,27,244
2018,MERCEDES-BENZ,AMG C 43 4MATIC CABRIOLET,SUBCOMPACT,3,6,A9,Z,12.3,9.4,11,26,256
2018,MERCEDES-BENZ,AMG C 43 4MATIC COUPE,SUBCOMPACT,3,6,A9,Z,11.8,8.8,10.5,27,245
2018,MERCEDES-BENZ,AMG C 63,COMPACT,4,8,A7,Z,13.4,9.6,11.7,24,274
2018,MERCEDES-BENZ,AMG C 63 CABRIOLET,SUBCOMPACT,4,8,A7,Z,14,10.4,12.4,23,291
2018,MERCEDES-BENZ,AMG C 63 COUPE,SUBCOMPACT,4,8,A7,Z,13.8,10.1,12.1,23,285
2018,MERCEDES-BENZ,AMG C 63 S,COMPACT,4,8,A7,Z,13.4,9.6,11.7,24,274
2018,MERCEDES-BENZ,AMG C 63 S CABRIOLET,SUBCOMPACT,4,8,A7,Z,14,10.4,12.4,23,291
2018,MERCEDES-BENZ,AMG C 63 S COUPE,SUBCOMPACT,4,8,A7,Z,13.8,10.2,12.2,23,285
2018,MERCEDES-BENZ,AMG CLA 45 4MATIC,COMPACT,2,4,AM7,Z,10.3,7.9,9.2,31,217
2018,MERCEDES-BENZ,AMG E 43 4MATIC,MID-SIZE,3,6,A9,Z,12.4,9.4,11.1,25,258
2018,MERCEDES-BENZ,AMG E 63 S 4MATIC,MID-SIZE,4,8,A9,Z,15.5,10.6,13.3,21,313
2018,MERCEDES-BENZ,AMG E 63 S 4MATIC WAGON,STATION WAGON - MID-SIZE,4,8,A9,Z,15.2,11,13.3,21,312
2018,MERCEDES-BENZ,AMG G 63,SUV - STANDARD,5.5,8,A7,Z,19.9,15.5,17.9,16,419
2018,MERCEDES-BENZ,AMG G 65,SUV - STANDARD,6,12,A7,Z,22.2,18,20.3,14,473
2018,MERCEDES-BENZ,AMG GLA 45 4MATIC,STATION WAGON - MID-SIZE,2,4,AM7,Z,10.7,8.3,9.6,29,225
2018,MERCEDES-BENZ,AMG GLC 43 4MATIC,SUV - SMALL,3,6,A9,Z,13.1,10.1,11.8,24,277
2018,MERCEDES-BENZ,AMG GLC 43 4MATIC COUPE,SUV - SMALL,3,6,A9,Z,13,9.9,11.6,24,272
2018,MERCEDES-BENZ,AMG GLE 43 4MATIC,SUV - STANDARD,3,6,A9,Z,13.5,10.3,12.1,23,282
2018,MERCEDES-BENZ,AMG GLE 43 4MATIC COUPE,SUV - STANDARD,3,6,A9,Z,13.5,10.6,12.2,23,285
2018,MERCEDES-BENZ,AMG GLE 63 S 4MATIC,SUV - STANDARD,5.5,8,A7,Z,17.2,13.4,15.5,18,364
2018,MERCEDES-BENZ,AMG GLE 63 S 4MATIC COUPE,SUV - STANDARD,5.5,8,A7,Z,17.2,12.8,15.2,19,357
2018,MERCEDES-BENZ,AMG GLS 63 4MATIC,SUV - STANDARD,5.5,8,A7,Z,17.6,13.3,15.7,18,367
2018,MERCEDES-BENZ,AMG GT COUPE,TWO-SEATER,4,8,AM7,Z,14.5,10.8,12.8,22,302
2018,MERCEDES-BENZ,AMG GT ROADSTER,TWO-SEATER,4,8,AM7,Z,14.7,11,13,22,304
2018,MERCEDES-BENZ,AMG GT C COUPE,TWO-SEATER,4,8,AM7,Z,15.5,11.7,13.8,20,322
2018,MERCEDES-BENZ,AMG GT C ROADSTER,TWO-SEATER,4,8,AM7,Z,15.5,11.7,13.8,20,322
2018,MERCEDES-BENZ,AMG GT R COUPE,TWO-SEATER,4,8,AM7,Z,15.6,11.9,13.9,20,324
2018,MERCEDES-BENZ,AMG GT S COUPE,TWO-SEATER,4,8,AM7,Z,14.5,10.8,12.8,22,302
2018,MERCEDES-BENZ,AMG S 63 4MATIC,FULL-SIZE,4,8,A9,Z,14.1,8.9,11.8,24,275
2018,MERCEDES-BENZ,AMG S 63 4MATIC CABRIOLET,SUBCOMPACT,4,8,A9,Z,15.8,9.8,13.1,22,306
2018,MERCEDES-BENZ,AMG S 63 4MATIC COUPE,COMPACT,4,8,A9,Z,14,8.7,11.6,24,271
2018,MERCEDES-BENZ,AMG S 65,FULL-SIZE,6,12,A7,Z,18.6,10.9,15.1,19,356
2018,MERCEDES-BENZ,AMG SL 63,TWO-SEATER,5.5,8,A7,Z,14.7,9.5,12.4,23,291
2018,MERCEDES-BENZ,AMG SL 65,TWO-SEATER,6,12,A7,Z,17.6,10.8,14.5,19,339
2018,MERCEDES-BENZ,AMG SLC 43,TWO-SEATER,3,6,A9,Z,11.6,8.2,10.1,28,236
2018,MERCEDES-BENZ,B 250,MID-SIZE,2,4,AM7,Z,9.8,6.8,8.4,34,196
2018,MERCEDES-BENZ,B 250 4MATIC,MID-SIZE,2,4,AM7,Z,10.3,7.8,9.1,31,215
2018,MERCEDES-BENZ,C 300 4MATIC,COMPACT,2,4,A9,Z,10.5,7.5,9.1,31,214
2018,MERCEDES-BENZ,C 300 4MATIC CABRIOLET,SUBCOMPACT,2,4,A9,Z,10.8,8,9.6,29,224
2018,MERCEDES-BENZ,C 300 4MATIC COUPE,SUBCOMPACT,2,4,A9,Z,10.5,7.8,9.3,30,218
2018,MERCEDES-BENZ,C 300 4MATIC WAGON,STATION WAGON - MID-SIZE,2,4,A9,Z,10.7,8,9.5,30,222
2018,MERCEDES-BENZ,CLA 250,COMPACT,2,4,AM7,Z,9.6,6.6,8.2,34,193
2018,MERCEDES-BENZ,CLA 250 4MATIC,COMPACT,2,4,AM7,Z,9.9,7.3,8.7,32,204
2018,MERCEDES-BENZ,E 300 4MATIC,MID-SIZE,2,4,A9,Z,11,8.1,9.7,29,227
2018,MERCEDES-BENZ,E 400 4MATIC,MID-SIZE,3,6,A9,Z,11.8,8.7,10.4,27,246
2018,MERCEDES-BENZ,E 400 4MATIC CABRIOLET,SUBCOMPACT,3,6,A9,Z,12,9.2,10.8,26,251
2018,MERCEDES-BENZ,E 400 4MATIC COUPE,SUBCOMPACT,3,6,A9,Z,11.9,9,10.6,27,248
2018,MERCEDES-BENZ,E 400 4MATIC WAGON,STATION WAGON - MID-SIZE,3,6,A9,Z,12.4,9.5,11.1,25,261
2018,MERCEDES-BENZ,G 550,SUV - STANDARD,4,8,A7,Z,18.2,16.5,17.5,16,410
2018,MERCEDES-BENZ,GLA 250 4MATIC,SUV - SMALL,2,4,AM7,Z,10.1,7.6,9,31,209
2018,MERCEDES-BENZ,GLC 300 4MATIC,SUV - SMALL,2,4,A9,Z,11.1,8.6,10,28,240
2018,MERCEDES-BENZ,GLC 300 4MATIC COUPE,SUV - SMALL,2,4,A9,Z,11,8.7,10,28,235
2018,MERCEDES-BENZ,GLE 400 4MATIC,SUV - STANDARD,3,6,A9,Z,13.5,10.3,12.1,23,282
2018,MERCEDES-BENZ,GLE 550 4MATIC,SUV - STANDARD,4.7,8,A9,Z,15.2,11.4,13.5,21,317
2018,MERCEDES-BENZ,GLS 450 4MATIC,SUV - STANDARD,3,6,A9,Z,14.3,11.4,13,22,305
2018,MERCEDES-BENZ,GLS 550 4MATIC,SUV - STANDARD,4.7,8,A9,Z,16.5,12.6,14.7,19,346
2018,MERCEDES-BENZ,MAYBACH S 650,FULL-SIZE,6,12,A9,Z,18.4,11.1,15.1,19,355
2018,MERCEDES-BENZ,METRIS CARGO,SPECIAL PURPOSE VEHICLE,2,4,A7,Z,11.5,9.8,10.7,26,251
2018,MERCEDES-BENZ,METRIS PASSENGER,SPECIAL PURPOSE VEHICLE,2,4,A7,Z,12.3,10.3,11.4,25,268
2018,MERCEDES-BENZ,S 450 4MATIC SWB,MID-SIZE,3,6,A9,Z,12.8,8.5,10.9,26,255
2018,MERCEDES-BENZ,S 560 CABRIOLET,SUBCOMPACT,4,8,A9,Z,13.9,9.2,11.8,24,276
2018,MERCEDES-BENZ,S 560 4MATIC,FULL-SIZE,4,8,A9,Z,13.5,8.6,11.3,25,265
2018,MERCEDES-BENZ,S 560 4MATIC SWB,MID-SIZE,4,8,A9,Z,13.1,8.8,11.2,25,261
2018,MERCEDES-BENZ,S 560 4MATIC COUPE,COMPACT,4,8,A9,Z,13.6,8.8,11.4,25,269
2018,MERCEDES-BENZ,SL 450,TWO-SEATER,3,6,A9,Z,11.5,8.5,10.2,28,238
2018,MERCEDES-BENZ,SL 550,TWO-SEATER,4.7,8,A9,Z,13.5,9.6,11.8,24,275
2018,MERCEDES-BENZ,SLC 300,TWO-SEATER,2,4,A9,Z,9.6,7.4,8.6,33,202
2018,MINI,COOPER 3 DOOR,SUBCOMPACT,1.5,3,AS6,Z,8.7,6.8,7.9,36,184
2018,MINI,COOPER 3 DOOR,SUBCOMPACT,1.5,3,M6,Z,8.5,6.2,7.5,38,175
2018,MINI,COOPER 5 DOOR,SUBCOMPACT,1.5,3,AS6,Z,8.7,6.8,7.9,36,184
2018,MINI,COOPER 5 DOOR,SUBCOMPACT,1.5,3,M6,Z,8.4,6.3,7.4,38,174
2018,MINI,COOPER CLUBMAN ALL4,MID-SIZE,1.5,3,AS8,Z,10.2,7.6,9,31,212
2018,MINI,COOPER CLUBMAN ALL4,MID-SIZE,1.5,3,M6,Z,10.5,7.4,9.1,31,214
2018,MINI,COOPER CONVERTIBLE,MINICOMPACT,1.5,3,AS6,Z,8.7,6.8,7.9,36,184
2018,MINI,COOPER CONVERTIBLE,MINICOMPACT,1.5,3,M6,Z,8.4,6.3,7.4,38,174
2018,MINI,COOPER COUNTRYMAN ALL4,STATION WAGON - SMALL,1.5,3,AS8,Z,10.3,7.9,9.2,31,215
2018,MINI,COOPER COUNTRYMAN ALL4,STATION WAGON - SMALL,1.5,3,M6,Z,10.5,7.4,9.1,31,214
2018,MINI,COOPER S 3 DOOR,SUBCOMPACT,2,4,AS6,Z,9.3,7.3,8.4,34,197
2018,MINI,COOPER S 3 DOOR,SUBCOMPACT,2,4,M6,Z,10.3,7.4,9,31,210
2018,MINI,COOPER S 5 DOOR,SUBCOMPACT,2,4,AS6,Z,9.3,7.3,8.4,34,197
2018,MINI,COOPER S 5 DOOR,SUBCOMPACT,2,4,M6,Z,10.3,7.4,9,31,210
2018,MINI,COOPER S CLUBMAN ALL4,MID-SIZE,2,4,AS8,Z,10.5,7.6,9.2,31,215
2018,MINI,COOPER S CLUBMAN ALL4,MID-SIZE,2,4,M6,Z,11.4,7.8,9.7,29,227
2018,MINI,COOPER S CONVERTIBLE,MINICOMPACT,2,4,AS6,Z,9.3,7.1,8.3,34,195
2018,MINI,COOPER S CONVERTIBLE,MINICOMPACT,2,4,M6,Z,10.3,7.4,9,31,210
2018,MINI,COOPER S COUNTRYMAN ALL4,MID-SIZE,2,4,AS8,Z,10.5,7.6,9.2,31,215
2018,MINI,COOPER S COUNTRYMAN ALL4,MID-SIZE,2,4,M6,Z,11.3,7.7,9.7,29,227
2018,MINI,JOHN COOPER WORKS,SUBCOMPACT,2,4,AS6,Z,9.3,7.3,8.4,34,197
2018,MINI,JOHN COOPER WORKS,SUBCOMPACT,2,4,M6,Z,10.3,7.4,9,31,210
2018,MINI,JOHN COOPER WORKS CLUBMAN ALL4,MID-SIZE,2,4,AS8,Z,10.2,7.5,9,31,211
2018,MINI,JOHN COOPER WORKS CLUBMAN ALL4,MID-SIZE,2,4,M6,Z,11.4,7.6,9.7,29,228
2018,MINI,JOHN COOPER WORKS CONVERTIBLE,MINICOMPACT,2,4,AS6,Z,9.8,7.3,8.7,32,203
2018,MINI,JOHN COOPER WORKS CONVERTIBLE,MINICOMPACT,2,4,M6,Z,10.8,7.7,9.4,30,220
2018,MINI,JOHN COOPER WORKS COUNTRYMAN ALL4,MID-SIZE,2,4,AS8,Z,10.6,7.8,9.3,30,220
2018,MINI,JOHN COOPER WORKS COUNTRYMAN ALL4,MID-SIZE,2,4,M6,Z,11.5,8,9.9,29,232
2018,MITSUBISHI,ECLIPSE CROSS,SUV - SMALL,1.5,4,AV8,X,9.4,8.4,8.9,32,208
2018,MITSUBISHI,ECLIPSE CROSS 4WD,SUV - SMALL,1.5,4,AV8,X,9.6,8.9,9.3,30,216
2018,MITSUBISHI,MIRAGE,COMPACT,1.2,3,AV,X,6.4,5.5,6,47,141
2018,MITSUBISHI,MIRAGE,COMPACT,1.2,3,M5,X,7.1,5.8,6.5,43,150
2018,MITSUBISHI,MIRAGE G4,COMPACT,1.2,3,AV,X,6.9,5.7,6.4,44,149
2018,MITSUBISHI,MIRAGE G4,COMPACT,1.2,3,M5,X,7.2,5.9,6.6,43,155
2018,MITSUBISHI,OUTLANDER 4WD,SUV - SMALL,2.4,4,AV6,X,9.9,8.1,9.1,31,212
2018,MITSUBISHI,OUTLANDER 4WD,SUV - SMALL,3,6,AS6,Z,12,8.8,10.6,27,248
2018,MITSUBISHI,RVR,SUV - SMALL,2,4,AV6,X,9.7,7.8,8.8,32,204
2018,MITSUBISHI,RVR,SUV - SMALL,2,4,M5,X,10.3,8.2,9.3,30,216
2018,MITSUBISHI,RVR 4WD,SUV - SMALL,2,4,AV6,X,10.1,8.2,9.2,31,213
2018,MITSUBISHI,RVR 4WD,SUV - SMALL,2.4,4,AV6,X,10.3,8.3,9.4,30,219
2018,NISSAN,370Z,TWO-SEATER,3.7,6,AS7,Z,12.6,9.3,11.1,25,261
2018,NISSAN,370Z,TWO-SEATER,3.7,6,M6,Z,13.3,9.3,11.5,25,269
2018,NISSAN,370Z ROADSTER,TWO-SEATER,3.7,6,AS7,Z,13,9.7,11.5,25,270
2018,NISSAN,370Z ROADSTER,TWO-SEATER,3.7,6,M6,Z,13.6,9.7,11.8,24,278
2018,NISSAN,ALTIMA,MID-SIZE,2.5,4,AV,X,8.7,6.3,7.6,37,179
2018,NISSAN,ALTIMA SR,MID-SIZE,2.5,4,AV7,X,8.9,6.4,7.8,36,185
2018,NISSAN,ALTIMA,MID-SIZE,3.5,6,AV7,X,10.6,7.3,9.1,31,214
2018,NISSAN,ARMADA 4WD,SUV - STANDARD,5.6,8,AS7,X,17.5,12.8,15.4,18,362
2018,NISSAN,FRONTIER,PICKUP TRUCK - SMALL,2.5,4,A5,X,13.6,10.7,12.3,23,290
2018,NISSAN,FRONTIER,PICKUP TRUCK - SMALL,2.5,4,M5,X,12.2,10.4,11.4,25,268
2018,NISSAN,FRONTIER,PICKUP TRUCK - SMALL,4,6,A5,X,14.7,10.4,12.8,22,300
2018,NISSAN,FRONTIER 4WD,PICKUP TRUCK - SMALL,4,6,A5,X,15.8,11.5,13.9,20,326
2018,NISSAN,FRONTIER 4WD,PICKUP TRUCK - SMALL,4,6,M6,X,15.1,11.5,13.5,21,317
2018,NISSAN,GT-R,SUBCOMPACT,3.8,6,AM6,Z,14.5,10.7,12.8,22,300
2018,NISSAN,MAXIMA,MID-SIZE,3.5,6,AV7,Z,11.1,7.8,9.6,29,227
2018,NISSAN,MICRA,COMPACT,1.6,4,A4,X,9,6.8,8,35,188
2018,NISSAN,MICRA,COMPACT,1.6,4,M5,X,8.7,6.8,7.9,36,186
2018,NISSAN,MURANO,STATION WAGON - MID-SIZE,3.5,6,AV7,X,11,8.3,9.8,29,230
2018,NISSAN,MURANO AWD,STATION WAGON - MID-SIZE,3.5,6,AV7,X,11.2,8.4,9.9,29,232
2018,NISSAN,NV200 CARGO VAN,SPECIAL PURPOSE VEHICLE,2,4,AV,X,9.8,8.8,9.3,30,218
2018,NISSAN,PATHFINDER,SUV - SMALL,3.5,6,AV,X,11.6,8.5,10.2,28,240
2018,NISSAN,PATHFINDER 4WD,SUV - SMALL,3.5,6,AV,X,12.1,8.9,10.7,26,250
2018,NISSAN,PATHFINDER 4WD PLATINUM,SUV - SMALL,3.5,6,AV,X,12.4,9.2,11,26,259
2018,NISSAN,QASHQAI,STATION WAGON - SMALL,2,4,AV,X,8.8,7.3,8.1,35,191
2018,NISSAN,QASHQAI,STATION WAGON - SMALL,2,4,M6,X,10,8.1,9.2,31,216
2018,NISSAN,QASHQAI AWD,STATION WAGON - SMALL,2,4,AV,X,9,7.5,8.4,34,196
2018,NISSAN,ROGUE,SUV - SMALL,2.5,4,AV,X,9.2,7,8.2,34,192
2018,NISSAN,ROGUE AWD,SUV - SMALL,2.5,4,AV,X,9.7,7.4,8.7,32,205
2018,NISSAN,SENTRA,MID-SIZE,1.8,4,AV,X,8.1,6.3,7.3,39,172
2018,NISSAN,SENTRA,MID-SIZE,1.8,4,M6,X,8.9,6.8,8,35,187
2018,NISSAN,SENTRA (Turbo),MID-SIZE,1.6,4,AV7,Z,8.9,7.3,8.2,34,193
2018,NISSAN,SENTRA (Turbo),MID-SIZE,1.6,4,M6,Z,9.1,7.3,8.3,34,195
2018,NISSAN,SENTRA NISMO,MID-SIZE,1.6,4,AV7,Z,9.4,7.8,8.7,32,205
2018,NISSAN,SENTRA NISMO,MID-SIZE,1.6,4,M6,Z,9.5,7.6,8.7,32,204
2018,NISSAN,TITAN,PICKUP TRUCK - STANDARD,5.6,8,AS7,X,15,11.2,13.3,21,312
2018,NISSAN,TITAN 4WD,PICKUP TRUCK - STANDARD,5.6,8,AS7,X,15.2,11.1,13.4,21,315
2018,NISSAN,TITAN 4WD PRO-4X,PICKUP TRUCK - STANDARD,5.6,8,AS7,X,15.9,11.9,14.1,20,331
2018,NISSAN,VERSA,MID-SIZE,1.6,4,AV,X,7.6,6.2,7,40,164
2018,NISSAN,VERSA,MID-SIZE,1.6,4,M5,X,8.6,6.6,7.7,37,180
2018,PORSCHE,911 CARRERA,MINICOMPACT,3,6,AM7,Z,10.6,8,9.4,30,221
2018,PORSCHE,911 CARRERA,MINICOMPACT,3,6,M7,Z,11.8,8.1,10.1,28,237
2018,PORSCHE,911 CARRERA CABRIOLET,MINICOMPACT,3,6,AM7,Z,10.8,8.3,9.7,29,227
2018,PORSCHE,911 CARRERA CABRIOLET,MINICOMPACT,3,6,M7,Z,12,8.2,10.3,27,241
2018,PORSCHE,911 CARRERA GTS,MINICOMPACT,3,6,AM7,Z,11.5,9.1,10.4,27,243
2018,PORSCHE,911 CARRERA GTS,MINICOMPACT,3,6,M7,Z,13,8.9,11.1,25,260
2018,PORSCHE,911 CARRERA GTS CABRIOLET,MINICOMPACT,3,6,AM7,Z,11.8,9.2,10.6,27,249
2018,PORSCHE,911 CARRERA GTS CABRIOLET,MINICOMPACT,3,6,M7,Z,12.7,9,11,26,258
2018,PORSCHE,911 CARRERA S,MINICOMPACT,3,6,AM7,Z,10.8,8.3,9.7,29,226
2018,PORSCHE,911 CARRERA S,MINICOMPACT,3,6,M7,Z,12.1,8.3,10.4,27,242
2018,PORSCHE,911 CARRERA S CABRIOLET,MINICOMPACT,3,6,AM7,Z,10.8,8.4,9.7,29,228
2018,PORSCHE,911 CARRERA S CABRIOLET,MINICOMPACT,3,6,M7,Z,12.1,8.3,10.4,27,243
2018,PORSCHE,911 CARRERA 4,MINICOMPACT,3,6,AM7,Z,10.7,8.3,9.6,29,225
2018,PORSCHE,911 CARRERA 4,MINICOMPACT,3,6,M7,Z,12.1,8.3,10.4,27,242
2018,PORSCHE,911 CARRERA 4 CABRIOLET,MINICOMPACT,3,6,AM7,Z,11,8.4,9.8,29,230
2018,PORSCHE,911 CARRERA 4 CABRIOLET,MINICOMPACT,3,6,M7,Z,12.2,8.5,10.5,27,246
2018,PORSCHE,911 CARRERA 4 GTS,MINICOMPACT,3,6,AM7,Z,11.8,9.2,10.6,27,248
2018,PORSCHE,911 CARRERA 4 GTS,MINICOMPACT,3,6,M7,Z,12.8,8.9,11,26,257
2018,PORSCHE,911 CARRERA 4 GTS CABRIOLET,MINICOMPACT,3,6,AM7,Z,11.9,9.3,10.7,26,250
2018,PORSCHE,911 CARRERA 4 GTS CABRIOLET,MINICOMPACT,3,6,M7,Z,12.9,9.1,11.1,25,260
2018,PORSCHE,911 CARRERA 4S,MINICOMPACT,3,6,AM7,Z,11,8.5,9.9,29,232
2018,PORSCHE,911 CARRERA 4S,MINICOMPACT,3,6,M7,Z,12.1,8.4,10.4,27,243
2018,PORSCHE,911 CARRERA 4S CABRIOLET,MINICOMPACT,3,6,AM7,Z,10.9,8.5,9.9,29,231
2018,PORSCHE,911 CARRERA 4S CABRIOLET,MINICOMPACT,3,6,M7,Z,12.2,8.5,10.5,27,246
2018,PORSCHE,911 GT3,TWO-SEATER,4,6,AM7,Z,15.8,11.6,13.9,20,324
2018,PORSCHE,911 GT3,TWO-SEATER,4,6,M6,Z,18,11.5,15.1,19,352
2018,PORSCHE,911 TARGA 4,MINICOMPACT,3,6,AM7,Z,10.9,8.4,9.8,29,228
2018,PORSCHE,911 TARGA 4,MINICOMPACT,3,6,M7,Z,12.2,8.5,10.5,27,246
2018,PORSCHE,911 TARGA 4 GTS,MINICOMPACT,3,6,AM7,Z,12.1,9.2,10.8,26,251
2018,PORSCHE,911 TARGA 4 GTS,MINICOMPACT,3,6,M7,Z,13.2,9.2,11.4,25,266
2018,PORSCHE,911 TARGA 4S,MINICOMPACT,3,6,AM7,Z,11.1,8.6,10,28,233
2018,PORSCHE,911 TARGA 4S,MINICOMPACT,3,6,M7,Z,12.2,8.5,10.5,27,246
2018,PORSCHE,911 TURBO,MINICOMPACT,3.8,6,AM7,Z,12.6,9.9,11.4,25,266
2018,PORSCHE,911 TURBO CABRIOLET,MINICOMPACT,3.8,6,AM7,Z,12.6,9.9,11.4,25,267
2018,PORSCHE,911 TURBO S,MINICOMPACT,3.8,6,AM7,Z,12.6,9.9,11.4,25,266
2018,PORSCHE,911 TURBO S CABRIOLET,MINICOMPACT,3.8,6,AM7,Z,12.6,9.9,11.4,25,267
2018,PORSCHE,911 TURBO S EXCLUSIVE,MINICOMPACT,3.8,6,AM7,Z,13.8,10.3,12.3,23,285
2018,PORSCHE,BOXSTER,TWO-SEATER,2,4,AM7,Z,10.5,8,9.4,30,219
2018,PORSCHE,BOXSTER,TWO-SEATER,2,4,M6,Z,11,8.3,9.8,29,229
2018,PORSCHE,BOXSTER GTS,TWO-SEATER,2.5,4,AM7,Z,11.8,9.2,10.6,27,249
2018,PORSCHE,BOXSTER GTS,TWO-SEATER,2.5,4,M6,Z,12.3,9.4,11,26,257
2018,PORSCHE,BOXSTER S,TWO-SEATER,2.5,4,AM7,Z,11,8.4,9.9,29,230
2018,PORSCHE,BOXSTER S,TWO-SEATER,2.5,4,M6,Z,12.1,9,10.7,26,249
2018,PORSCHE,CAYENNE,SUV - STANDARD,3.6,6,A8,Z,12.9,9.7,11.5,25,268
2018,PORSCHE,CAYENNE GTS,SUV - STANDARD,3.6,6,A8,Z,14.5,10.4,12.6,22,296
2018,PORSCHE,CAYENNE PLATINUM,SUV - STANDARD,3.6,6,A8,Z,13.6,10.2,12.1,23,281
2018,PORSCHE,CAYENNE S,SUV - STANDARD,3.6,6,A8,Z,13.9,9.6,12,24,281
2018,PORSCHE,CAYENNE TURBO,SUV - STANDARD,4.8,8,A8,Z,16.7,11.2,14.3,20,334
2018,PORSCHE,CAYENNE TURBO S,SUV - STANDARD,4.8,8,A8,Z,16.7,11.2,14.3,20,334
2018,PORSCHE,CAYMAN,TWO-SEATER,2,4,AM7,Z,10.5,8,9.4,30,219
2018,PORSCHE,CAYMAN,TWO-SEATER,2,4,M6,Z,11,8.3,9.8,29,229
2018,PORSCHE,CAYMAN GTS,TWO-SEATER,2.5,4,AM7,Z,11.8,9.2,10.6,27,249
2018,PORSCHE,CAYMAN GTS,TWO-SEATER,2.5,4,M6,Z,12.3,9.4,11,26,257
2018,PORSCHE,CAYMAN S,TWO-SEATER,2.5,4,AM7,Z,11,8.4,9.9,29,230
2018,PORSCHE,CAYMAN S,TWO-SEATER,2.5,4,M6,Z,12.1,9,10.7,26,249
2018,PORSCHE,MACAN,SUV - SMALL,2,4,A7,Z,11.6,9.3,10.6,27,248
2018,PORSCHE,MACAN GTS,SUV - SMALL,3,6,A7,Z,13.8,10.3,12.3,23,287
2018,PORSCHE,MACAN S,SUV - SMALL,3,6,A7,Z,13.7,10.3,12.2,23,285
2018,PORSCHE,MACAN TURBO,SUV - SMALL,3.6,6,A7,Z,14.2,10.1,12.3,23,287
2018,PORSCHE,MACAN TURBO KIT,SUV - SMALL,3.6,6,A7,Z,14.1,10.1,12.3,23,286
2018,PORSCHE,PANAMERA,FULL-SIZE,3,6,AM8,Z,11,8.3,9.8,29,229
2018,PORSCHE,PANAMERA 4,FULL-SIZE,3,6,AM8,Z,11.3,8.6,10.1,28,235
2018,PORSCHE,PANAMERA 4 EXECUTIVE,FULL-SIZE,3,6,AM8,Z,11.3,8.6,10.1,28,235
2018,PORSCHE,PANAMERA 4 ST,FULL-SIZE,3,6,AM8,Z,11.5,9,10.4,27,242
2018,PORSCHE,PANAMERA 4S,FULL-SIZE,2.9,6,AM8,Z,11.3,8.5,10.1,28,235
2018,PORSCHE,PANAMERA 4S EXECUTIVE,FULL-SIZE,2.9,6,AM8,Z,11.3,8.5,10.1,28,235
2018,PORSCHE,PANAMERA 4S ST,FULL-SIZE,2.9,6,AM8,Z,12.1,9,10.7,26,249
2018,PORSCHE,PANAMERA TURBO,FULL-SIZE,4,8,AM8,Z,12.8,9.2,11.2,25,261
2018,PORSCHE,PANAMERA TURBO EXECUTIVE,FULL-SIZE,4,8,AM8,Z,12.8,9.2,11.2,25,261
2018,PORSCHE,PANAMERA TURBO ST,FULL-SIZE,4,8,AM8,Z,13.4,10.1,11.9,24,279
2018,RAM,1500 FFV,PICKUP TRUCK - STANDARD,3.6,6,A8,X,13.9,9.6,11.9,24,280
2018,RAM,1500 FFV,PICKUP TRUCK - STANDARD,3.6,6,A8,E,19.7,13.8,17,17,283
2018,RAM,1500,PICKUP TRUCK - STANDARD,5.7,8,A6,X,17,12,14.8,19,346
2018,RAM,1500,PICKUP TRUCK - STANDARD,5.7,8,A8,X,15.7,11,13.6,21,319
2018,RAM,1500 ECODIESEL,PICKUP TRUCK - STANDARD,3,6,A8,D,11.8,8.6,10.4,27,278
2018,RAM,1500 4X4 FFV,PICKUP TRUCK - STANDARD,3.6,6,A8,X,14.5,10.2,12.6,22,294
2018,RAM,1500 4X4 FFV,PICKUP TRUCK - STANDARD,3.6,6,A8,E,20.7,14.7,18,16,300
2018,RAM,1500 4X4,PICKUP TRUCK - STANDARD,5.7,8,A6,X,18.7,13.3,16.3,17,382
2018,RAM,1500 4X4,PICKUP TRUCK - STANDARD,5.7,8,A8,X,16.1,11.5,14,20,328
2018,RAM,1500 4X4 ECODIESEL,PICKUP TRUCK - STANDARD,3,6,A8,D,12.3,8.8,10.8,26,289
2018,RAM,PROMASTER CITY,SPECIAL PURPOSE VEHICLE,2.4,4,A9,X,11.2,8.3,9.9,29,232
2018,ROLLS-ROYCE,DAWN,COMPACT,6.6,12,AS8,Z,20.3,13,17,17,397
2018,ROLLS-ROYCE,GHOST,FULL-SIZE,6.6,12,AS8,Z,20.3,13,17,17,397
2018,ROLLS-ROYCE,GHOST EWB,FULL-SIZE,6.6,12,AS8,Z,20.3,13,17,17,397
2018,ROLLS-ROYCE,PHANTOM,FULL-SIZE,6.7,12,AS8,Z,20,12.4,16.6,17,387
2018,ROLLS-ROYCE,PHANTOM EWB,FULL-SIZE,6.7,12,AS8,Z,20,12.4,16.6,17,387
2018,ROLLS-ROYCE,WRAITH,MID-SIZE,6.6,12,AS8,Z,19.6,12.9,16.6,17,388
2018,SUBARU,BRZ,MINICOMPACT,2,4,AS6,Z,9.7,7.2,8.6,33,200
2018,SUBARU,BRZ,MINICOMPACT,2,4,M6,Z,11.2,8.1,9.8,29,229
2018,SUBARU,BRZ tS,MINICOMPACT,2,4,M6,Z,11.6,8.6,10.2,28,239
2018,SUBARU,CROSSTREK AWD,SUV - SMALL,2,4,AV7,X,8.8,7.2,8.1,35,188
2018,SUBARU,CROSSTREK AWD,SUV - SMALL,2,4,M6,X,10.5,8.1,9.4,30,220
2018,SUBARU,FORESTER AWD,SUV - SMALL,2,4,AV8,Z,10.2,8.6,9.5,30,223
2018,SUBARU,FORESTER AWD,SUV - SMALL,2.5,4,AV6,X,9.2,7.4,8.4,34,196
2018,SUBARU,FORESTER AWD,SUV - SMALL,2.5,4,M6,X,10.9,8.3,9.7,29,228
2018,SUBARU,IMPREZA 4-DOOR AWD,MID-SIZE,2,4,AV7,X,8.3,6.4,7.5,38,174
2018,SUBARU,IMPREZA 4-DOOR AWD,MID-SIZE,2,4,M5,X,10,7.5,8.9,32,208
2018,SUBARU,IMPREZA 5-DOOR AWD,STATION WAGON - SMALL,2,4,AV7,X,8.4,6.5,7.5,38,176
2018,SUBARU,IMPREZA 5-DOOR AWD,STATION WAGON - SMALL,2,4,M5,X,10.1,7.7,9,31,211
2018,SUBARU,LEGACY AWD,MID-SIZE,2.5,4,AV7,X,9.3,7,8.3,34,193
2018,SUBARU,LEGACY AWD,MID-SIZE,3.6,6,AV6,X,11.9,8.3,10.3,27,241
2018,SUBARU,OUTBACK AWD,SUV - SMALL,2.5,4,AV7,X,9.4,7.3,8.5,33,198
2018,SUBARU,OUTBACK AWD,SUV - SMALL,3.6,6,AV6,X,12,8.7,10.5,27,247
2018,SUBARU,WRX AWD,COMPACT,2,4,AV8,Z,12.6,9.6,11.2,25,256
2018,SUBARU,WRX AWD,COMPACT,2,4,M6,Z,11.3,8.5,10,28,235
2018,SUBARU,WRX STI AWD,COMPACT,2.5,4,M6,Z,14.1,10.5,12.5,23,291
2018,SUBARU,WRX STI AWD TYPE RA,COMPACT,2.5,4,M6,Z,14.3,10.9,12.8,22,296
2018,TOYOTA,4RUNNER 4WD,SUV - STANDARD,4,6,AS5,X,14.3,11.9,13.2,21,308
2018,TOYOTA,4RUNNER 4WD (Part-Time 4WD),SUV - STANDARD,4,6,AS5,X,14.3,11.9,13.2,21,308
2018,TOYOTA,86,MINICOMPACT,2,4,AS6,Z,9.9,7.3,8.7,32,204
2018,TOYOTA,86,MINICOMPACT,2,4,M6,Z,11.3,8.3,9.9,29,232
2018,TOYOTA,AVALON,MID-SIZE,3.5,6,AS6,X,11.4,7.7,9.7,29,226
2018,TOYOTA,CAMRY,MID-SIZE,2.5,4,AS8,X,8.1,5.7,6.9,41,164
2018,TOYOTA,CAMRY LE/SE,MID-SIZE,2.5,4,AS8,X,8.4,6,7.3,39,172
2018,TOYOTA,CAMRY XLE/XSE,MID-SIZE,2.5,4,AS8,X,8.5,6.1,7.4,38,173
2018,TOYOTA,CAMRY,MID-SIZE,3.5,6,AS8,X,10.5,7.1,9,31,210
2018,TOYOTA,CAMRY XSE,MID-SIZE,3.5,6,AS8,X,10.7,7.4,9.2,31,215
2018,TOYOTA,CAMRY HYBRID LE,MID-SIZE,2.5,4,AV6,X,4.9,4.8,4.9,58,113
2018,TOYOTA,CAMRY HYBRID XLE/SE,MID-SIZE,2.5,4,AV6,X,5.3,5,5.1,55,121
2018,TOYOTA,C-HR,COMPACT,2,4,AV7,X,8.7,7.5,8.2,34,189
2018,TOYOTA,COROLLA,MID-SIZE,1.8,4,AV,X,8.3,6.5,7.5,38,174
2018,TOYOTA,COROLLA,MID-SIZE,1.8,4,AV7,X,8.3,6.7,7.5,38,178
2018,TOYOTA,COROLLA,MID-SIZE,1.8,4,M6,X,8.5,6.6,7.6,37,178
2018,TOYOTA,COROLLA LE ECO (1-mode),MID-SIZE,1.8,4,AV,X,7.8,5.9,6.9,41,163
2018,TOYOTA,COROLLA LE ECO (2-mode),MID-SIZE,1.8,4,AV,X,8,6.3,7.2,39,168
2018,TOYOTA,COROLLA iM,MID-SIZE,1.8,4,AV7,X,8.3,6.5,7.5,38,176
2018,TOYOTA,COROLLA iM,MID-SIZE,1.8,4,M6,X,8.8,6.8,7.9,36,185
2018,TOYOTA,HIGHLANDER,SUV - SMALL,3.5,6,AS8,X,11.8,8.7,10.3,27,243
2018,TOYOTA,HIGHLANDER AWD,SUV - STANDARD,3.5,6,AS8,X,12.1,9,10.6,27,251
2018,TOYOTA,HIGHLANDER AWD (Start/Stop System),SUV - STANDARD,3.5,6,AS8,X,12,8.9,10.6,27,247
2018,TOYOTA,HIGHLANDER AWD LE,SUV - STANDARD,3.5,6,AS8,X,11.7,8.8,10.4,27,242
2018,TOYOTA,HIGHLANDER HYBRID AWD,SUV - STANDARD,3.5,6,AV6,X,8.1,8.5,8.3,34,193
2018,TOYOTA,PRIUS,MID-SIZE,1.8,4,AV,X,4.3,4.6,4.5,63,105
2018,TOYOTA,PRIUS c,COMPACT,1.5,4,AV,X,4.9,5.5,5.1,55,120
2018,TOYOTA,PRIUS v,STATION WAGON - MID-SIZE,1.8,4,AV,X,5.5,6,5.8,49,135
2018,TOYOTA,RAV4 LE/XLE,SUV - SMALL,2.5,4,AS6,X,10,7.8,9,31,210
2018,TOYOTA,RAV4 AWD,SUV - SMALL,2.5,4,AS6,X,10.5,8.3,9.5,30,222
2018,TOYOTA,RAV4 LIMITED/SE AWD,SUV - SMALL,2.5,4,AS6,X,10.7,8.4,9.7,29,226
2018,TOYOTA,RAV4 HYBRID AWD,SUV - SMALL,2.5,4,AV6,X,6.9,7.8,7.3,39,171
2018,TOYOTA,SEQUOIA 4WD,SUV - STANDARD,5.7,8,AS6,X,18.4,13.8,16.4,17,384
2018,TOYOTA,SIENNA,MINIVAN,3.5,6,AS8,X,12.5,8.9,10.9,26,256
2018,TOYOTA,SIENNA AWD,MINIVAN,3.5,6,AS8,X,13.4,9.6,11.7,24,274
2018,TOYOTA,TACOMA,PICKUP TRUCK - SMALL,2.7,4,AS6,X,12.1,10.1,11.2,25,263
2018,TOYOTA,TACOMA,PICKUP TRUCK - SMALL,3.5,6,AS6,X,12.6,10,11.4,25,268
2018,TOYOTA,TACOMA 4WD,PICKUP TRUCK - SMALL,2.7,4,AS6,X,12.7,10.6,11.7,24,274
2018,TOYOTA,TACOMA 4WD,PICKUP TRUCK - SMALL,3.5,6,AS6,X,13.2,10.7,12.1,23,283
2018,TOYOTA,TACOMA 4WD,PICKUP TRUCK - SMALL,3.5,6,M6,X,13.8,11.4,12.7,22,299
2018,TOYOTA,TACOMA 4WD D-CAB OFF-ROAD,PICKUP TRUCK - SMALL,3.5,6,M6,X,13.8,11.7,12.9,22,300
2018,TOYOTA,TUNDRA,PICKUP TRUCK - STANDARD,5.7,8,AS6,X,17.7,13.6,15.9,18,371
2018,TOYOTA,TUNDRA 4WD,PICKUP TRUCK - STANDARD,4.6,8,AS6,X,16.8,13.1,14.9,19,354
2018,TOYOTA,TUNDRA 4WD,PICKUP TRUCK - STANDARD,5.7,8,AS6,X,18,14.2,16.3,17,383
2018,TOYOTA,YARIS,COMPACT,1.5,4,AS6,X,7.3,5.8,6.6,43,155
2018,TOYOTA,YARIS (SIL),COMPACT,1.5,4,M6,X,7.8,6,6.8,42,164
2018,TOYOTA,YARIS HATCHBACK,COMPACT,1.5,4,A4,X,7.9,6.8,7.4,38,173
2018,TOYOTA,YARIS HATCHBACK,COMPACT,1.5,4,M5,X,7.8,6.5,7.2,39,168
2018,VOLKSWAGEN,ATLAS,SUV - SMALL,2,4,AS8,X,10.8,8.9,10,28,233
2018,VOLKSWAGEN,ATLAS 4MOTION,SUV - SMALL,3.6,6,AS8,X,13.7,10.1,12.1,23,282
2018,VOLKSWAGEN,BEETLE,COMPACT,2,4,AS6,X,9,7.2,8.2,34,191
2018,VOLKSWAGEN,BEETLE CONVERTIBLE,SUBCOMPACT,2,4,AS6,X,9,7.2,8.2,34,191
2018,VOLKSWAGEN,BEETLE DUNE,COMPACT,2,4,AS6,X,9.1,6.9,8.1,35,189
2018,VOLKSWAGEN,BEETLE DUNE CONVERTIBLE,SUBCOMPACT,2,4,AS6,X,9.1,6.9,8.1,35,189
2018,VOLKSWAGEN,GOLF,COMPACT,1.8,4,AS6,X,9.6,7.2,8.5,33,199
2018,VOLKSWAGEN,GOLF,COMPACT,1.8,4,M5,X,9.3,6.9,8.2,34,192
2018,VOLKSWAGEN,GOLF GTI,COMPACT,2,4,AM6,X,9.6,7.3,8.6,33,200
2018,VOLKSWAGEN,GOLF GTI,COMPACT,2,4,M6,X,9.6,7.2,8.5,33,199
2018,VOLKSWAGEN,GOLF R,COMPACT,2,4,AM7,Z,10.6,8,9.4,30,220
2018,VOLKSWAGEN,GOLF R,COMPACT,2,4,M6,Z,11.1,8.1,9.8,29,227
2018,VOLKSWAGEN,GOLF ALLTRACK,STATION WAGON - SMALL,1.8,4,AM6,X,10.7,8,9.4,30,220
2018,VOLKSWAGEN,GOLF ALLTRACK,STATION WAGON - SMALL,1.8,4,M6,X,11.1,7.8,9.6,29,225
2018,VOLKSWAGEN,GOLF SPORTWAGEN,STATION WAGON - SMALL,1.8,4,AS6,X,9.6,7.2,8.5,33,199
2018,VOLKSWAGEN,GOLF SPORTWAGEN,STATION WAGON - SMALL,1.8,4,M5,X,9.4,6.9,8.2,34,192
2018,VOLKSWAGEN,GOLF SPORTWAGEN 4MOTION,STATION WAGON - SMALL,1.8,4,AM6,X,10.8,8.1,9.6,29,224
2018,VOLKSWAGEN,GOLF SPORTWAGEN 4MOTION,STATION WAGON - SMALL,1.8,4,M6,X,10.8,7.6,9.3,30,218
2018,VOLKSWAGEN,PASSAT,MID-SIZE,2,4,AS6,X,9.3,6.5,8.1,35,188
2018,VOLKSWAGEN,PASSAT,MID-SIZE,3.6,6,AM6,X,12.2,8.5,10.6,27,246
2018,VOLKSWAGEN,TIGUAN,SUV - SMALL,2,4,AS8,X,10.6,8.7,9.8,29,229
2018,VOLKSWAGEN,TIGUAN 4MOTION,SUV - SMALL,2,4,AS8,X,11.3,8.8,10.2,28,237
2018,VOLVO,S60 T5 AWD,COMPACT,2,4,AS8,X,11,8.1,9.7,29,226
2018,VOLVO,S60 T6 AWD,COMPACT,2,4,AS8,Z,10.9,7.7,9.4,30,221
2018,VOLVO,S60 POLESTAR,COMPACT,2,4,AS8,Z,11.8,8.5,10.3,27,241
2018,VOLVO,S60 CC T5 AWD,COMPACT,2,4,AS8,X,10.8,7.8,9.4,30,220
2018,VOLVO,S90 T5 AWD,MID-SIZE,2,4,AS8,Z,10.1,7.4,8.8,32,206
2018,VOLVO,S90 T6 AWD,MID-SIZE,2,4,AS8,Z,10.6,7.6,9.3,30,216
2018,VOLVO,V60 T5 AWD,STATION WAGON - SMALL,2,4,AS8,X,11,8.1,9.7,29,226
2018,VOLVO,V60 T6 AWD,STATION WAGON - SMALL,2,4,AS8,Z,10.9,7.7,9.4,30,221
2018,VOLVO,V60 POLESTAR,STATION WAGON - SMALL,2,4,AS8,Z,11.8,8.5,10.3,27,241
2018,VOLVO,V60 CC T5 AWD,STATION WAGON - SMALL,2,4,AS8,X,10.8,7.8,9.4,30,220
2018,VOLVO,V90 T6 AWD,STATION WAGON - MID-SIZE,2,4,AS8,Z,10.6,7.6,9.3,30,216
2018,VOLVO,V90 CC T5 AWD,STATION WAGON - MID-SIZE,2,4,AS8,Z,10.4,7.7,9.2,31,214
2018,VOLVO,V90 CC T6 AWD,STATION WAGON - MID-SIZE,2,4,AS8,Z,10.9,8,9.6,29,224
2018,VOLVO,XC60 T5 AWD,SUV - SMALL,2,4,AS8,Z,10.7,8.5,9.8,29,228
2018,VOLVO,XC60 T6 AWD,SUV - SMALL,2,4,AS8,Z,11.4,8.7,10.2,28,240
2018,VOLVO,XC90 T5 AWD,SUV - STANDARD,2,4,AS8,Z,10.9,8.3,9.7,29,227
2018,VOLVO,XC90 T6 AWD,SUV - STANDARD,2,4,AS8,Z,11.5,8.8,10.3,27,240
